unique_elements,count
GLYCERIN,578
WATER,400
CETEARYL ALCOHOL,362
PHENOXYETHANOL,352
TOCOPHEROL,349
XANTHAN GUM,326
PARFUM,304
ETHYLHEXYLGLYCERIN,301
GLYCERYL STEARATE,280
CITRIC ACID,268
LIMONENE,257
LINALOOL,253
CAPRYLIC/CAPRIC TRIGLYCERIDE,242
TOCOPHERYL ACETATE,240
SODIUM HYALURONATE,219
DIMETHICONE,210
CAPRYLYL GLYCOL,206
SODIUM BENZOATE,200
BENZYL ALCOHOL,198
POTASSIUM SORBATE,194
PROPANEDIOL,186
PENTYLENE GLYCOL,185
DISODIUM EDTA,180
SODIUM HYDROXIDE,173
BUTYLENE GLYCOL,171
CARBOMER,166
CITRONELLOL,155
PANTHENOL,149
BUTYROSPERMUM PARKII BUTTER,148
SQUALANE,147
WATER (WATER),137
PARFUM (FRAGRANCE),135
HYDROXYACETOPHENONE,133
CETYL ALCOHOL,123
PROPYLENE GLYCOL,113
HEXYL CINNAMAL,111
NIACINAMIDE,109
GLYCERYL STEARATE CITRATE,104
GERANIOL,103
1,98
BENZYL SALICYLATE,98
ASCORBYL PALMITATE,97
SODIUM STEAROYL GLUTAMATE,96
2-HEXANEDIOL,95
BEHENYL ALCOHOL,92
SQUALENE,88
ALLANTOIN,88
SODIUM POLYACRYLATE,87
CERAMIDE NP,83
STEARIC ACID,82
DEHYDROACETIC ACID,82
BETA-SITOSTEROL,80
LECITHIN,79
COCO-CAPRYLATE/CAPRATE,76
BETAINE,75
GLYCINE SOJA OIL,74
ALPHA-ISOMETHYL IONONE,72
PEG-100 STEARATE,71
TREHALOSE,68
SILICA,67
TRIETHANOLAMINE,65
SORBITAN OLIVATE,65
CETEARYL GLUCOSIDE,64
DICAPRYLYL CARBONATE,64
HELIANTHUS ANNUUS SEED OIL,63
ETHYLHEXYL STEARATE,63
ISOHEXADECANE,63
SODIUM PHYTATE,62
CETEARYL OLIVATE,61
BENZOIC ACID,61
HYALURONIC ACID,59
SODIUM LACTATE,59
ACRYLATES/C10-30 ALKYL ACRYLATE CROSSPOLYMER,59
BUTYROSPERMUM PARKII (SHEA) BUTTER,58
GLUCOSE,58
HYDROXYCITRONELLAL,57
METHYLPROPANEDIOL,57
CHOLESTEROL,57
COUMARIN,57
BIS-ETHYLHEXYLOXYPHENOL METHOXYPHENYL TRIAZINE,55
POTASSIUM CETYL PHOSPHATE,55
DICAPRYLYL ETHER,55
C12-15 ALKYL BENZOATE,53
OCTYLDODECANOL,52
ETHYLHEXYL TRIAZONE,52
AMMONIUM ACRYLOYLDIMETHYLTAURATE/VP COPOLYMER,51
BUTYL METHOXYDIBENZOYLMETHANE,51
GLYCINE SOJA (SOYBEAN) OIL,51
TRIPELARGONIN,50
HYDROXYETHYLCELLULOSE,49
POLYSORBATE 80,49
GLYCERYL CAPRYLATE,49
LACTIC ACID,48
ARGANIA SPINOSA KERNEL OIL,48
ETHYLHEXYL SALICYLATE,47
HYDROXYETHYL ACRYLATE/SODIUM ACRYLOYLDIMETHYL TAURATE COPOLYMER,47
PERSEA GRATISSIMA OIL,46
MALTODEXTRIN,46
SORBITAN ISOSTEARATE,45
ASCORBIC ACID,45
CITRAL,45
PRUNUS AMYGDALUS DULCIS OIL,44
POLYSORBATE 20,42
POLYSORBATE 60,42
PALMITIC ACID,42
ERROR RETRIEVING INGREDIENTS,42
PHYTOSPHINGOSINE,41
SIMMONDSIA CHINENSIS SEED OIL,41
I,40
MACADAMIA INTEGRIFOLIA SEED OIL,40
ALCOHOL DENAT,40
DIETHYLAMINO HYDROXYBENZOYL HEXYL BENZOATE,39
ALCOHOL,39
VITIS VINIFERA SEED OIL,39
HELIANTHUS ANNUUS (SUNFLOWER) SEED OIL,38
CERAMIDE AP,38
ISOPROPYL PALMITATE,38
SORBITAN OLEATE,38
L,37
MICA,37
CERAMIDE EOP,37
HYDROGENATED LECITHIN,36
SODIUM CITRATE,36
HYDROXYPROPYL CYCLODEXTRIN,36
METHYLPARABEN,36
ADENOSINE,35
INULIN,35
LEUCONOSTOC/RADISH ROOT FERMENT FILTRATE,35
PHENYLBENZIMIDAZOLE SULFONIC ACID,35
STEARYL ALCOHOL,35
OLEA EUROPAEA FRUIT OIL,34
ISONONYL ISONONANOATE,33
ALUMINUM STARCH OCTENYLSUCCINATE,33
SODIUM ACRYLATE/SODIUM ACRYLOYLDIMETHYL TAURATE COPOLYMER,33
TAPIOCA STARCH,33
DISODIUM PHOSPHATE,32
CETEARETH-20,32
TRISODIUM EDTA,32
MAGNESIUM SULFATE,32
SODIUM CHLORIDE,32
PERSEA GRATISSIMA (AVOCADO) OIL,32
MACADAMIA TERNIFOLIA SEED OIL,32
SODIUM LAUROYL LACTYLATE,31
ISOPROPYL MYRISTATE,31
PRUNUS AMYGDALUS DULCIS (SWEET ALMOND) OIL,31
COCO-CAPRYLATE,31
CETEARYL ETHYLHEXANOATE,31
MYRISTYL MYRISTATE,31
RETINYL PALMITATE,31
OLUS OIL,30
PEG-8,30
HYDROGENATED POLYDECENE,30
ACACIA SENEGAL GUM,30
PENTAERYTHRITYL DISTEARATE,29
ASCORBYL TETRAISOPALMITATE,29
CI 77891,29
SORBITAN STEARATE,29
ISOAMYL LAURATE,28
CAESALPINIA SPINOSA GUM,28
DECYL GLUCOSIDE,28
HYDROGENATED COCO-GLYCERIDES,28
SODIUM HYALURONATE CROSSPOLYMER,28
POLYGLYCERYL-3 METHYLGLUCOSE DISTEARATE,28
ARACHIDYL GLUCOSIDE,28
ARACHIDYL ALCOHOL,28
TETRASODIUM GLUTAMATE DIACETATE,27
SODIUM PCA,27
PALMITOYL TETRAPEPTIDE-7,27
CALCIUM GLUCONATE,26
GLYCERYL STEARATE SE,26
OCTOCRYLENE,26
PANTOLACTONE,26
ALPHA-GLUCAN OLIGOSACCHARIDE,26
SORBIC ACID,26
ASCORBYL GLUCOSIDE,26
ACETYL HEXAPEPTIDE-8,26
MYRISTIC ACID,26
TROMETHAMINE,25
PARFUM/FRAGRANCE,25
UREA,25
GLUCONOLACTONE,25
SODIUM LEVULINATE,25
CENTELLA ASIATICA EXTRACT,24
PEAT EXTRACT,24
ALOE BARBADENSIS LEAF JUICE,24
UBIQUINONE,24
SCLEROTIUM GUM,24
SUCROSE COCOATE,23
DIPROPYLENE GLYCOL,23
CYCLOPENTASILOXANE,23
SODIUM ACETYLATED HYALURONATE,23
CAPRYLOYL SALICYLIC ACID,23
OCTADECYL DI-T-BUTYL-4-HYDROXYHYDROCINNAMATE,23
MICROCRYSTALLINE CELLULOSE,23
BENZYL BENZOATE,22
PALMITOYL TRIPEPTIDE-1,22
WATER / WATER,21
PULLULAN,21
HYDROXYPROPYL STARCH PHOSPHATE,21
CALCIUM PANTOTHENATE,21
COLLOIDAL GOLD,21
TRISODIUM ETHYLENEDIAMINE DISUCCINATE,21
XYLITOL,21
GOLD,21
POLYGLYCERYL-6 BEHENATE,21
ETHYLHEXYL PALMITATE,20
POLYACRYLATE CROSSPOLYMER-6,20
GLYCINE,20
CAMELLIA SINENSIS LEAF EXTRACT,20
BIOSACCHARIDE GUM-1,20
TRIETHYLHEXANOIN,20
POLYGLYCERYL-6 STEARATE,20
PHENETHYL ALCOHOL,20
DECYL OLEATE,19
SNAIL SECRETION FILTRATE,19
ACETYL HEPTAPEPTIDE-9,19
HYDROLYZED SOY PROTEIN,19
PHOSPHOLIPIDS,19
BHT,19
DIBUTYL ADIPATE,19
TIN OXIDE,19
LINOLEIC ACID,19
HYDROLYZED HYALURONIC ACID,19
SERINE,19
HYDROGENATED PALM OIL,18
C10-18 TRIGLYCERIDES,18
(F,18
CREATINE,18
LACTOBACILLUS FERMENT,18
CALENDULA OFFICINALIS FLOWER EXTRACT,18
GLYCERYL BEHENATE,18
ARGININE,18
SODIUM ASCORBYL PHOSPHATE,18
OLEA EUROPAEA (OLIVE) FRUIT OIL,17
PALMITOYL TRIPEPTIDE-5,17
XYLITYLGLUCOSIDE,17
CHLORPHENESIN,17
ISOPROPYL ISOSTEARATE,17
BORAGO OFFICINALIS SEED OIL,17
JOJOBA ESTERS,17
RETINOL,17
ORYZA SATIVA (RICE) BRAN OIL,17
ANHYDROXYLITOL,17
HYDROLYZED SODIUM HYALURONATE,17
SORBITOL,17
FRUCTOSE,17
PALMITOYL TRIPEPTIDE-38,17
ETHYLHEXYL METHOXYCINNAMATE,16
COCOGLYCERIDES,16
COCOS NUCIFERA OIL,16
CI 77491,16
CAPRYLYL METHICONE,16
AMMONIUM POLYACRYLOYLDIMETHYL TAURATE,16
DIETHYLHEXYL SYRINGYLIDENEMALONATE,16
ZEA MAYS STARCH,16
SIMMONDSIA CHINENSIS (JOJOBA) SEED OIL,16
CARNOSINE,16
O-CYMEN-5-OL,16
ISODECYL NEOPENTANOATE,16
DIMETHICONE CROSSPOLYMER,16
BIOTIN,16
VITIS VINIFERA (GRAPE) SEED OIL,16
ZINC PCA,15
COLLAGEN AMINO ACIDS,15
TITANIUM DIOXIDE,15
KAPPAPHYCUS ALVAREZII EXTRACT,15
PHYTOSTEROLS,15
ORBIGNYA OLEIFERA (BABASSU) SEED OIL,15
HYDROLYZED GLYCOSAMINOGLYCANS,15
HYDROGENATED OLIVE OIL UNSAPONIFIABLES,15
1-METHYLHYDANTOIN-2-IMIDE,15
COCOS NUCIFERA (COCONUT) OIL,15
ETHYLPARABEN,15
EUGENOL,15
HYDROGENATED VEGETABLE GLYCERIDES CITRATE,14
SALICYLIC ACID,14
C13-15 ALKANE,14
TRIOLEIN,14
SORBITAN LAURATE,14
CAFFEINE,14
DIPEPTIDE DIAMINOBUTYROYL BENZYLAMIDE DIACETATE,14
PARFUM / FRAGRANCE,14
CYANOCOBALAMIN,14
MALTOSE,14
CERAMIDE NG,14
DIMETHICONOL,14
PHYTIC ACID,14
HYDROGENATED CASTOR OIL,14
RESVERATROL,14
N-PROLYL PALMITOYL TRIPEPTIDE-56 ACETATE,14
VEGETABLE OIL,14
HYDROGENATED ETHYLHEXYL OLIVATE,14
BETA-CAROTENE,13
OENOTHERA BIENNIS OIL,13
LINOLENIC ACID,13
MAGNESIUM ALUMINUM SILICATE,13
LAURETH-7,13
POLYACRYLAMIDE,13
SODIUM ACRYLATES COPOLYMER,13
ALGIN,13
3-O-ETHYL ASCORBIC ACID,13
ACETYL DIPEPTIDE-1 CETYL ESTER,13
ALUMINA,13
DECYLENE GLYCOL,13
WATER (WATER ),13
HYDROGENATED POLYISOBUTENE,13
SHEA BUTTER ETHYL ESTERS,13
CETYL PALMITATE,13
POLYGLYCERYL-3 DISTEARATE,13
MAGNESIUM CHLORIDE,12
LAMINARIA OCHROLEUCA EXTRACT,12
METHYLENE BIS-BENZOTRIAZOLYL TETRAMETHYLBUTYLPHENOL (NANO),12
PARAFFINUM LIQUIDUM,12
CI 42090,12
CELLULOSE GUM,12
CYCLOHEXASILOXANE,12
POLYGLUTAMIC ACID,12
SKŁADNIKI POCHODZENIA NATURALNEGO,12
CELLULOSE,12
MANGIFERA INDICA SEED BUTTER,12
PETROLATUM,12
GLUTATHIONE,12
SYNTHETIC FLUORPHLOGOPITE,12
CANOLA OIL,12
POLYGLYCERYL-3 STEARATE,12
HYDROLYZED COLLAGEN,11
PARFUM / FRAGRANCE (F,11
WATER (WATER,11
CI 15985,11
BUTYROSPERMUM PARKII (SHEA BUTTER),11
PARAFFINUM LIQUIDUM (MINERAL OIL),11
C13-14 ISOPARAFFIN,11
ISOSTEARYL ISOSTEARATE,11
UNDECANE,11
ASIATICOSIDE,11
PROLINE,11
HEXYLENE GLYCOL,11
GLYCERYL STEARATES,11
PROPYLPARABEN,11
HYDROGENATED OLIVE OIL DECYL ESTERS,11
BAKUCHIOL,11
PYRIDOXINE HCL,11
CERA ALBA,11
ALOE BARBADENSIS LEAF EXTRACT,11
HYDROLYZED CANDIDA SAITOANA EXTRACT,11
DISTARCH PHOSPHATE,11
C15-19 ALKANE,11
CI 19140,11
PVP,11
CHLORELLA VULGARIS EXTRACT,11
C12-20 ALKYL GLUCOSIDE,11
SODIUM SULFATE,11
CAPRYLHYDROXAMIC ACID,11
HYDROLYZED RICE PROTEIN,11
DIMETHYL ISOSORBIDE,11
FERULIC ACID,11
SACCHARIDE ISOMERATE,11
CRAMBE ABYSSINICA SEED OIL,10
PALMITOYL DIPEPTIDE-5 DIAMINOBUTYROYL HYDROXYTHREONINE,10
COCO-GLUCOSIDE,10
ALPHA ISOMETHYL IONONE,10
DIPENTAERYTHRITYL HEXACAPRYLATE/HEXACAPRATE,10
CI 77891 (TITANIUM DIOXIDE),10
TETRAPEPTIDE-4,10
C14-22 ALCOHOLS,10
TRIBEHENIN,10
CAMELLIA JAPONICA SEED OIL,10
PIROCTONE OLAMINE,10
THREONINE,10
SODIUM ANISATE,10
CROCUS CHRYSANTHUS BULB EXTRACT,10
PENTAERYTHRITYL TETRAISOSTEARATE,10
ALANINE,10
LYSINE HCL,10
SESAMUM INDICUM SEED OIL,10
EAU),10
DIISOSTEAROYL POLYGLYCERYL-3 DIMER DILINOLEATE,10
SORBITAN SESQUIOLEATE,10
LYSOLECITHIN,10
CERA MICROCRISTALLINA,10
POLYISOBUTENE,10
POLYACRYLATE-13,10
ASIATIC ACID,10
MAGNESIUM PCA,10
SPILANTHES ACMELLA FLOWER EXTRACT,10
SODIUM STARCH OCTENYLSUCCINATE,10
TETRADECYL AMINOBUTYROYLVALYLAMINOBUTYRIC UREA TRIFLUOROACETATE,10
ORNITHINE HCL,10
FOLIC ACID,10
POLYDEXTROSE,10
MANNITOL,10
TRIDECANE,10
DECYL COCOATE,10
CETEARYL DIMETHICONE CROSSPOLYMER,10
POLYGLYCERYL-4 DIISOSTEARATE/POLYHYDROXYSTEARATE/SEBACATE,9
THEOBROMA CACAO (COCOA) SEED BUTTER,9
CETYL HYDROXYETHYLCELLULOSE,9
CETEARYL ISONONANOATE,9
SUCROSE PALMITATE,9
CAESALPINIA SPINOSA FRUIT EXTRACT,9
CYCLODEXTRIN,9
DIMETHICONE/VINYL DIMETHICONE CROSSPOLYMER,9
T-BUTYL ALCOHOL,9
CI 77820,9
HELIANTHUS ANNUUS SEED WAX,9
BUTYLENE GLYCOL DICAPRYLATE/DICAPRATE,9
INOSITOL,9
ISODODECANE,9
POLYGLYCERIN-3,9
PLUKENETIA VOLUBILIS SEED OIL,9
BHA,9
POLYGLYCERYL-3 DICITRATE/STEARATE,9
DISODIUM COCOAMPHODIACETATE,9
GLUTAMINE,9
ISOAMYL COCOATE,9
PRUNUS ARMENIACA KERNEL OIL,9
2-BROMO-2-NITROPROPANE-1,9
3-DIOL,9
TRITICUM VULGARE GERM OIL,9
CHONDRUS CRISPUS EXTRACT,9
TOCOPHEROL (VITAMIN E),9
DIPOTASSIUM GLYCYRRHIZATE,9
GLUTAMIC ACID,9
MAURITIA FLEXUOSA FRUIT OIL,9
LEVULINIC ACID,9
HYDROLYZED ELASTIN,9
ORYZA SATIVA BRAN OIL,9
HYDROGENATED PALM GLYCERIDES,9
MYRISTYL ALCOHOL,9
LAMINARIA HYPERBOREA EXTRACT,9
THEOBROMA CACAO SEED BUTTER,8
HYDROGENATED RAPESEED OIL,8
PANAX GINSENG ROOT EXTRACT,8
HYDROGENATED VEGETABLE GLYCERIDES,8
GLYCERYL GLUCOSIDE,8
ROSA HYBRID FLOWER EXTRACT,8
BUTYLPARABEN,8
BETA-GLUCAN,8
SHOREA STENOPTERA SEED BUTTER,8
POTASSIUM PHOSPHATE,8
ETHYL OLEATE,8
COPPER TRIPEPTIDE-1,8
POLYGLYCERYL-10 LAURATE,8
HISTIDINE,8
MADECASSIC ACID,8
GLYCERYL DIOLEATE,8
ROSA DAMASCENA FLOWER OIL,8
GLYCYRRHIZA GLABRA ROOT EXTRACT,8
CANNABIS SATIVA SEED OIL,8
ORYZA SATIVA STARCH,8
PENTAERYTHRITYL TETRA-DI-T-BUTYL HYDROXYHYDROCINNAMATE,8
ACRYLAMIDE/SODIUM ACRYLOYLDIMETHYLTAURATE COPOLYMER,8
PROPYLENE GLYCOL DICAPRYLATE/DICAPRATE,8
TRITICUM VULGARE (WHEAT) GERM EXTRACT,8
C30-45 ALKYL CETEARYL DIMETHICONE CROSSPOLYMER,8
ARGININE PCA,8
TAURINE,8
DEXTRIN,8
HYDROXYPROPYL METHYLCELLULOSE,8
POLYSILICONE-11,8
SACCHAROMYCES CEREVISIAE EXTRACT,8
GLYCERYL LINOLEATE,8
BIS(TRIPEPTIDE-1) COPPER ACETATE,8
ALOE BARBADENSIS LEAF JUICE POWDER,8
CAPRYLIC/ CAPRIC TRIGLYCERIDE,8
OLEYL ERUCATE,8
ISOSTEARYL HYDROXYSTEARATE,8
TRIDECETH-6,8
DIAMOND POWDER,8
TETRASODIUM EDTA,8
HYDROGENATED STARCH HYDROLYSATE,7
ROSMARINUS OFFICINALIS LEAF EXTRACT,7
SODIUM POLYACRYLATE STARCH,7
LACTOBACILLUS FERMENT LYSATE,7
CURCUMA LONGA (TURMERIC) ROOT EXTRACT,7
BISABOLOL,7
HEPTAPEPTIDE-7,7
LAURYL ALCOHOL,7
ACACIA SEYAL GUM EXTRACT,7
GLYCERYL POLYACRYLATE,7
SODIUM METABISULFITE,7
PISTACIA LENTISCUS (MASTIC) GUM,7
GLYCERYL ACRYLATE/ACRYLIC ACID COPOLYMER,7
STEARETH-20,7
PARFUM (FRAGRANCE ),7
TRIISOSTEARIN,7
CITRUS AURANTIUM BERGAMIA (BERGAMOT) FRUIT OIL,7
GINKGO BILOBA LEAF EXTRACT,7
POLYHYDROXYSTEARIC ACID,7
OCIMUM SANCTUM LEAF EXTRACT,7
ETHYLHEXYL PELARGONATE,7
GLYCINE SOJA (SOYBEAN ) OIL,7
GLYCOLIPIDS,7
HAMAMELIS VIRGINIANA LEAF EXTRACT,7
PHOSPHATIDYLSERINE,7
HYDROLYZED WHEAT PROTEIN,7
OLIVE GLYCERIDES,7
MAGNESIUM GLUCONATE,7
CENTELLA ASIATICA LEAF EXTRACT,7
BORON NITRIDE,7
PARFUM/FRAGRANCE (F,7
MORINGA OLEIFERA SEED EXTRACT,7
POLYMNIA SONCHIFOLIA ROOT JUICE,7
LACTOBACILLUS,7
TERMINALIA FERDINANDIANA FRUIT EXTRACT,7
COPPER GLUCONATE,7
ALPHA - GLUCAN OLIGOSACCHARIDE,7
ROSA CANINA FRUIT OIL,7
COLLAGEN,7
TRIETHYL CITRATE,7
TRILAURETH-4 PHOSPHATE,7
TRIHEPTANOIN,7
CICHORIUM INTYBUS ROOT OLIGOSACCHARIDES,7
PRUNUS ARMENIACA (APRICOT) KERNEL OIL,7
DAUCUS CAROTA SATIVA ROOT EXTRACT,7
SODIUM COCOYL GLUTAMATE,7
SODIUM ISOSTEARATE,6
ECTOIN,6
DISODIUM CETEARYL SULFOSUCCINATE,6
CALOPHYLLUM INOPHYLLUM SEED OIL,6
SEA WATER,6
HEXYL LAURATE,6
POLY C10-30 ALKYL ACRYLATE,6
LANOLIN,6
CORALLINA OFFICINALIS EXTRACT,6
RICE AMINO ACIDS,6
L-PROLINE,6
BETULIN,6
ETHYLHEXYL COCOATE,6
GLYCOSPHINGOLIPIDS,6
HUMULUS LUPULUS EXTRACT,6
CHAMOMILLA RECUTITA FLOWER EXTRACT,6
SAPONARIA OFFICINALIS ROOT EXTRACT,6
ALPHA-LSOMETHYL LONONE,6
VALINE,6
MANDELIC ACID,6
HYDROLYZED PEARL,6
RUBUS IDAEUS SEED OIL,6
CINNAMYL ALCOHOL,6
SODIUM CETEARYL SULFATE,6
GLUCOSYL HESPERIDIN,6
SODIUM CARRAGEENAN,6
PHENYLALANINE,6
ISOLEUCINE,6
LEUCINE,6
CI 16035,6
CI 16255,6
ZINC OXIDE,6
POTASSIUM AZELOYL DIGLYCINATE,6
ROSMARINUS OFFICINALIS (ROSEMARY) LEAF EXTRACT,6
CAESALPINIA SPINOSA EXTRACT,6
BEHENIC ACID,6
MADECASSOSIDE,6
AGAVE TEQUILANA LEAF EXTRACT,6
MAGNOLIA OFFICINALIS BARK EXTRACT,6
SACCHAROMYCES/XYLINUM/BLACK TEA FERMENT,6
FUCUS VESICULOSUS EXTRACT,6
EUPHORBIA CERIFERA (CANDELILLA) WAX,6
PAEONIA OFFICINALIS FLOWER EXTRACT,6
DAUCUS CAROTA SATIVA SEED OIL,6
GOLD (NANO),6
BEESWAX,6
TRANEXAMIC ACID,6
CETYL ESTERS,6
DISODIUM STEAROYL GLUTAMATE,6
DROMETRIZOLE TRISILOXANE,6
OXIDIZED STARCH ACETATE,6
BRAK DANYCH,6
DIISOPROPYL SEBACATE,6
ASPARTIC ACID,6
PHENYL TRIMETHICONE,6
WATER PURIFICATA,6
LAURDIMONIUM HYDROXYPROPYL HYDROLYZED SOY PROTEIN,6
CAVIAR EXTRACT,6
TETRAMETHYL ACETYLOCTAHYDRONAPHTHALENES,6
HEXAMETHYLINDANOPYRAN,6
DEXTRAN,6
THEOBROMA GRANDIFLORUM SEED BUTTER,6
UNDARIA PINNATIFIDA EXTRACT,6
PARAFFIN,6
POLYMETHYLSILSESQUIOXANE,6
CI 77492,6
LAURIC ACID,6
LAURYL GLUCOSIDE,6
HYDROLYZED CAESALPINIA SPINOSA GUM,6
LYSINE,6
MANGANESE CHLORIDE,6
MELIA AZADIRACHTA FLOWER EXTRACT,6
MELIA AZADIRACHTA LEAF EXTRACT,6
SODIUM CARBOMER,6
CUPRIC CHLORIDE,6
NYLON-12,6
LACTOBIONIC ACID,6
ASCORBYL METHYLSILANOL PECTINATE,5
HYDROGENATED TETRADECENYL/METHYLPENTADECENE,5
AVENA SATIVA KERNEL OIL,5
SILYBUM MARIANUM SEED OIL,5
SOLUBLE COLLAGEN,5
CARNITINE,5
HYDROLYZED ADANSONIA DIGITATA SEED EXTRACT,5
CERAMIDE NS,5
ARACHIDIC ACID,5
SKŁADNIKI POCHODZENIA NATURALNEGO / INGREDIENTS OF NATURAL ORIGIN,5
CERA ALBA (BEESWAX),5
NICOTINAMIDE ADENINE DINUCLEOTIDE,5
METHIONINE,5
HYDROXYPROLINE,5
COENZYME A,5
HYDROGENATED VEGETABLE OIL,5
SODIUM GLUCURONATE,5
THIAMINE DIPHOSPHATE,5
RETINYL ACETATE,5
POLYBUTENE,5
ACETYL HEPTAPEPTIDE-4,5
RICINUS COMMUNIS (CASTOR) SEED OIL,5
HYDROGENATED OLIVE OIL,5
OLEA EUROPAEA OIL UNSAPONIFIABLES,5
GLYCOLIC ACID,5
LACTOBACILLUS/ARUNDINARIA GIGANTEA FERMENT FILTRATE,5
SARGASSUM FILIPENDULA EXTRACT,5
HYPNEA MUSCIFORMIS EXTRACT,5
BACILLUS FERMENT,5
IRIS FLORENTINA ROOT EXTRACT,5
TYROSINE,5
AESCULUS HIPPOCASTANUM SEED EXTRACT,5
CITRUS AURANTIUM AMARA FLOWER EXTRACT,5
SILICA SILYLATE,5
TRYPTOPHAN,5
CYSTINE,5
ASPARAGINE,5
PALMITOYL HEXAPEPTIDE-12,5
ZINC GLUCONATE,5
HOMOSALATE,5
MALTOOLIGOSYL GLUCOSIDE,5
HYDROLYZED HIBISCUS ESCULENTUS EXTRACT,5
PENTAERYTHRITYL TETRAETHYLHEXANOATE,5
PROPYLHEPTYL CAPRYLATE,5
POLYGLYCERYL-3 PCA,5
POLYGLYCERYL-2 STEARATE,5
SUCROSE DISTEARATE,5
LIMNANTHES ALBA (MEADOWFOAM) SEED OIL,5
POLYMETHYL METHACRYLATE,5
SODIUM STEAROYL LACTYLATE,5
POTASSIUM CHLORIDE,5
CALCIUM CHLORIDE,5
SODIUM PHOSPHATE,5
SODIUM ACETATE,5
ALUMINUM STEARATES,5
LACTOSE,5
NIACIN,5
POLYGLYCERYL-3 DIISOSTEARATE,5
CAMELLIA OLEIFERA SEED OIL,5
PAPAIN,5
AVENA SATIVA KERNEL EXTRACT,5
SALVIA OFFICINALIS LEAF EXTRACT,5
AMMONIUM ACRYLOYLDIMETHYLTAURATE/STEARETH-25 METHACRYLATE CROSSPOLYMER,5
DIETHYLHEXYL SYRINGYLIDENE MALONATE,5
PEG-4 OLIVATE,5
ORBIGNYA OLEIFERA SEED OIL,5
HIPPOPHAE RHAMNOIDES OIL,5
INULIN LAURYL CARBAMATE,5
SUCROSE,5
LAUROYL LYSINE,5
AMYL CINNAMAL,5
VANILLA PLANIFOLIA FRUIT EXTRACT,5
RETINAL,5
ETHYLHEXYL HYDROXYSTEARATE,5
CLITORIA TERNATEA FLOWER EXTRACT,5
SKŁADNIK POCHODZENIA NATURALNEGO,5
HYDROLYZED JOJOBA ESTERS,5
SYNTHETIC BEESWAX,5
FARNESOL,5
ROSA DAMASCENA FLOWER WATER,5
LAVANDULA ANGUSTIFOLIA (LAVENDER) OIL,5
INGREDIENTS: WATER,5
SORBITAN PALMITATE,5
PCA,5
CITRUS AURANTIUM DULCIS (ORANGE) PEEL OIL,5
HIPPOPHAE RHAMNOIDES FRUIT EXTRACT,5
MARIS SAL,5
ALEURITES MOLUCCANUS SEED OIL,5
DMDM HYDANTOIN,5
SACCHAROMYCES/RICE FERMENT FILTRATE,5
METHYL METHACRYLATE CROSSPOLYMER,5
SYNTHETIC WAX,5
SOLANUM MELONGENA (EGGPLANT) FRUIT EXTRACT,5
YEAST EXTRACT,5
COCCINIA INDICA FRUIT EXTRACT,5
SACCHARUM OFFICINARUM (SUGARCANE) EXTRACT,5
SODIUM DEHYDROACETATE,4
ARNICA MONTANA (ARNICA) FLOWER EXTRACT,4
TIMONACIC,4
METHYLENE BIS-BENZOTRIAZOLYL TETRAMETHYLBUTYLPHENOL,4
POLOXAMER 338,4
PERLITE,4
ROSA GALLICA FLOWER EXTRACT,4
FAEX EXTRACT / YEAST EXTRACT,4
POLYGLYCERYL-3 POLYRICINOLEATE,4
SALICYLOYL PHYTOSPHINGOSINE,4
DIAZOLIDINYL UREA,4
OLEA EUROPAEA HUSK OIL,4
CARTHAMUS TINCTORIUS SEED OIL,4
HECTORITE,4
AMBER EXTRACT,4
ZEA MAYS STARCH / CORN STARCH,4
CALCIUM PCA,4
HYDROXYPROPYLTRIMONIUM HYALURONATE,4
LITHOTHAMNION CALCAREUM EXTRACT,4
PERSEA GRATISSIMA (AVOCADO ) OIL,4
PARFUM/ FRAGRANCE,4
FRUCTOOLIGOSACCHARIDES,4
OLEA EUROPAEA (OLIVE) HUSK OIL,4
GLUCOSAMINE HCL,4
BUTYROSPERMUM PARKII BUTTER / SHEA BUTTER,4
BUTYROSPERMUM PARKII BUTTER/SHEA BUTTER,4
CI 60730,4
PEG-35 CASTOR OIL,4
SUCROSE POLYSTEARATE,4
ALTEROMONAS FERMENT EXTRACT,4
PENTAPEPTIDE-18,4
LAVANDULA ANGUSTIFOLIA FLOWER EXTRACT,4
NICOTIANA BENTHAMIANA HEXAPEPTIDE-40 SH-POLYPEPTIDE-76,4
DISODIUM OLEATE,4
PALMITOYL TRIPEPTIDE-8,4
ACETYL HEXAPEPTIDE-49,4
HYDROLYZED ALGIN,4
PEG-20 SORBITAN ISOSTEARATE,4
SACCHAROMYCES FERMENT LYSATE FILTRATE,4
SACCHAROMYCES FERMENT FILTRATE,4
ZEA MAYS OIL,4
CERESIN,4
MACROCYSTIS PYRIFERA (KELP) EXTRACT,4
MALPIGHIA PUNICIFOLIA FRUIT EXTRACT,4
OLIGOPEPTIDE-68,4
TRIPELARGONIN (C8-C12 ACID TRIGLYCERIDE),4
XANTHOPHYLLS,4
PEG-20 GLYCERYL LAURATE,4
ENTEROMORPHA COMPRESSA EXTRACT,4
VINYL DIMETHICONE,4
CETYL ETHYLHEXANOATE,4
ARGININE HCL,4
CI 14720,4
SODIUM BENZOTRIAZOLYL BUTYLPHENOL SULFONATE,4
MORINGA OLEIFERA SEED OIL,4
ACETYL TETRAPEPTIDE-15,4
GLYCINE SOJA (SOYBEAN) PHYTOPLACENTA EXTRACT,4
CANDIDA BOMBICOLA/GLUCOSE/METHYL RAPESEEDATE FERMENT,4
MALACHITE EXTRACT,4
CITRUS AURANTIUM PEEL OIL,4
CITRUS UNSHIU PEEL EXTRACT,4
ERYTHRITOL,4
ALOE BARBADENSIS FLOWER EXTRACT,4
METHYLSILANOL MANNURONATE,4
RIBOFLAVIN,4
POLYGLYCERYL-2 DIPOLYHYDROXYSTEARATE,4
MALTOSE HYDROGENATED LECITHIN,4
PLANTAGO LANCEOLATA SEED EXTRACT,4
SODIUM LAURETH SULFATE,4
7-DEHYDROCHOLESTEROL,4
HISTIDINE HCL,4
PASSIFLORA INCARNATA SEED OIL,4
BENZYL GLYCOL,4
THEOBROMA CACAO (COCOA) SEED EXTRACT,4
RASPBERRY KETONE,4
PHENYLBENZIMIDAZOLE SULFONIE ACID,4
RICINUS COMMUNIS SEED OIL,4
SORBITAN TRISTEARATE,4
LUPINUS ALBUS SEED EXTRACT,4
SILICA DIMETHYL SILYLATE,4
POLYGLYCERYL-10 STEARATE,4
P-ANISIC ACID,4
SODIUM CARBONATE,4
C12-22 ALKYL ACRYLATE/HYDROXYETHYLACRYLATE COPOLYMER,4
SCLEROCARYA BIRREA SEED OIL,4
CURCUMA LONGA ROOT EXTRACT,4
GLYCINE SOJA (SOYBEAN) SEED EXTRACT,4
MANGIFERA INDICA (MANGO) SEED BUTTER,4
CITRUS LIMON FRUIT EXTRACT,4
LONICERA CAPRIFOLIUM (HONEYSUCKLE) FLOWER EXTRACT,4
OSTREA SHELL EXTRACT,4
MARIS LIMUS EXTRACT,4
SH-OLIGOPEPTIDE-1,4
SUCROSE STEARATE,4
LONICERA CAPRIFOLIUM FLOWER EXTRACT,4
LONICERA JAPONICA FLOWER EXTRACT,4
CETETH-20,4
PEG-75 STEARATE,4
LONICERA JAPONICA (HONEYSUCKLE) FLOWER EXTRACT,4
RUBUS IDAEUS (RASPBERRY) SEED OIL,4
OZONIZED OLIVE OIL,4
PAEONIA LACTIFLORA ROOT EXTRACT,4
CETEARETH-25,4
HELICHRYSUM ITALICUM FLOWER/LEAF/STEM WATER,4
PRUNUS AMYGDALUS DULCIS SEED EXTRACT,4
PROPYLENE CARBONATE,3
GOSSYPIUM HERBACEUM SEED OIL,3
DIETHYLHEXYL BUTAMIDO TRIAZONE,3
STEARALKONIUM HECTORITE,3
JASMINUM OFFICINALE FLOWER EXTRACT,3
CITRUS LIMON FRUIT EXTRACT / LEMON FRUIT EXTRACT,3
KAOLIN,3
CUCUMIS SATIVUS (CUCUMBER) FRUIT EXTRACT,3
SHEA BUTTER,3
ARBUTIN,3
ARTEMIA EXTRACT,3
ARACHIS HYPOGAEA OIL,3
CI 77400,3
BERTHOLLETIA EXCELSA SEED OIL,3
LIMNANTHES ALBA SEED OIL / MEADOWFOAM SEED OIL,3
TRIS-BIPHENYL TRIAZINE (NANO),3
TRIBUTYL CITRATE,3
PHYTOSTERYL MACADAMIATE,3
BUTETH-3,3
MENTHA PIPERITA EXTRACT / PEPPERMINT EXTRACT,3
GYNOSTEMMA PENTAPHYLLUM LEAF/STEM EXTRACT,3
CISTUS INCANUS FLOWER/LEAF/STEM EXTRACT,3
ISOMALT,3
ARGANIA SPINOSA CALLUS CULTURE EXTRACT,3
ACACIA DECURRENS FLOWER WAX,3
GLYCINE SOJA PHYTOPLACENTA EXTRACT,3
HYDRATED SILICA,3
CASTANEA SATIVA (CHESTNUT ) SEED EXTRACT,3
PHELLODENDRON AMURENSE BARK EXTRACT,3
OLEA EUROPAEA (OLIVE ) FRUIT OIL,3
LEONTOPODIUM ALPINUM FLOWER/ LEAF EXTRACT,3
FROM NATURAL ESSENTIAL OILS,3
PUERARIA LOBATA ROOT EXTRACT,3
THIAMINE HCL,3
SODIUM TOCOPHERYL PHOSPHATE,3
LIMNANTHES ALBA SEED OIL,3
ZINC SULFATE,3
ORBIGNYA OLEIFERA (BABASSU ) SEED OIL,3
TEREPHTHALYLIDENE DICAMPHOR SULFONIC ACID,3
C20-22 ALKYL PHOSPHATE,3
HIBISCUS SABDARIFFA FLOWER EXTRACT,3
C20-22 ALCOHOLS,3
NELUMBO NUCIFERA FLOWER EXTRACT,3
TRITICUM VULGARE (WHEAT) GERM OIL,3
CI 19140 / YELLOW 5,3
TRIPEPTIDE-10 CITRULLINE,3
DISODIUM PHENYL DIBENZIMIDAZOLE TETRASULFONATE,3
CAPRYLIC/CAPRIC/MYRISTIC/STEARIC TRIGLYCERIDE,3
SODIUM SALICYLATE,3
ANTHYLLIS VULNERARIA EXTRACT,3
HYDROLYZED OPUNTIA FICUS-INDICA FLOWER EXTRACT,3
ISOBUTANE,3
HYDROXYETHYLPIPERAZINE ETHANE SULFONIC ACID,3
ALPHA- ISOMETHYL IONONE,3
COPPER LYSINATE/PROLINATE,3
CAPRYLOYL GLYCINE,3
OLEA EUROPEA (OLIVE) FRUIT OIL,3
LACTOBACILLUS/SOYBEAN FERMENT EXTRACT,3
ISOEUGENOL,3
CITRUS AURANTIUM DULCIS (ORANGE) FRUIT EXTRACT,3
VEGETABLE COLLAGEN,3
CICHORIUM INTYBUS LEAF EXTRACT,3
CANOLA (CANOLA) OIL,3
CI 14700 / RED 4,3
TRIETHOXYCAPRYLYLSILANE,3
RIBES NIGRUM SEED OIL,3
BETAIN,3
VITIS VINIFERA SEED EXTRACT,3
BUTYROSPERMUM PARKII (SHEA ) BUTTER,3
VITIS VINIFERA FRUIT WATER,3
PEG-30 DIPOLYHYDROXYSTEARATE,3
NEOHESPERIDIN DIHYDROCHALCONE,3
3-0-ETHYL ASCORBIC ACID,3
CITRUS AURANTIUM AMARA FLOWER WATER,3
CI 77499,3
MAGNESIUM ASPARTATE,3
ECLIPTA PROSTRATA EXTRACT,3
SALVIA SCLAREA EXTRACT,3
SODIUM POLYGLUTAMATE,3
JOJOBA ESTERS / HELIANTHUS ANNUUS SEED WAX / ACACIA DECURRENS FLOWER WAX / POLYGLYCERIN-3,3
RIBES NIGRUM (BLACK CURRANT) SEED OIL,3
SACCHAROMYCES/SILICON FERMENT,3
METHYLGLUCOSIDE PHOSPHATE,3
NEOPENTYL GLYCOL DIHEPTANOATE,3
SACCHAROMYCES/IRON FERMENT,3
SACCHAROMYCES/MAGNESIUM FERMENT,3
SACCHAROMYCES/COPPER FERMENT,3
SACCHAROMYCES/ZINC FERMENT,3
ACETIC ACID,3
ARNICA MONTANA FLOWER EXTRACT,3
ALUMINUM HYDROXIDE,3
OENOTHERA BIENNIS SEED OIL,3
BIXA ORELLANA SEED OIL,3
GLYCERINE,3
OLEIC ACID,3
ISOBUTYLAMIDO THIAZOLYL RESORCINOL,3
GLYCYRRHIZA INFLATA ROOT EXTRACT,3
STEARETH-21,3
LANOLIN ALCOHOL,3
MAGNESIUM STEARATE,3
HYDROXYPROPYL TETRAHYDROPYRANTRIOL,3
GLYCERETH-18 ETHYLHEXANOATE,3
PEG-40 HYDROGENATED CASTOR OIL,3
MAGNESIUM ASCORBYL PHOSPHATE,3
SANTALUM ALBUM OIL,3
EQUISETUM ARVENSE LEAF EXTRACT,3
ECHINACEA PURPUREA FLOWER/LEAF/STEM EXTRACT,3
CHELIDONIUM MAJUS EXTRACT,3
CENTAUREA CYANUS FLOWER EXTRACT,3
GARCINIA INDICA SEED BUTTER,3
HYPERICUM PERFORATUM FLOWER/LEAF/STEM EXTRACT,3
CAMELLIA SINENSIS (GREEN TEA) LEAF EXTRACT,3
CITRUS LIMON (LEMON) FRUIT WATER,3
ARCTIUM LAPPA ROOT EXTRACT,3
CARTHAMUS TINCTORIUS (SAFFLOWER) SEED OIL,3
ROSA CANINA FRUIT EXTRACT,3
PALMITOYL PENTAPEPTIDE-4,3
TRIPEPTIDE-1,3
OLEANOLIC ACID,3
ROSA MOSCHATA SEED OIL,3
PHYTOSTERYL/OCTYLDODECYL LAUROYL GLUTAMATE,3
PHOENIX DACTYLIFERA FRUIT EXTRACT,3
CITRUS GRANDIS SEED OIL,3
ADANSONIA DIGITATA SEED OIL,3
CI 77163,3
GLYCERETH-18,3
FRAGRANCE (PARFUM),3
DIGLYCERIN,3
HYDROGENATED POLY(C6-14 OLEFIN),3
DISTEARDIMONIUM HECTORITE,3
PERILLA OCYMOIDES SEED EXTRACT,3
TREMELLA FUCIFORMIS (MUSHROOM) EXTRACT,3
HIPPOPHAE RHAMNOIDES FRUIT OIL,3
ORYZA SATIVA (RICE) GERM OIL,3
CERAMIDE AS,3
000PPM),3
HONEY EXTRACT,3
HYDROLYZED GARDENIA FLORIDA EXTRACT,3
CALCIUM HYDROXYMETHIONINE,3
3-AMINOPROPANE SULFONIC ACID,3
THEOBROMA CACAO (COCOA) EXTRACT,3
TUSSILAGO FARFARA FLOWER/LEAF EXTRACT,3
CHAMOMILLA RECUTITA (MATRICARIA) FLOWER EXTRACT,3
PLANTAGO LANCEOLATA LEAF EXTRACT,3
ATELOCOLLAGEN,3
COENOCHLORIS SIGNIENSIS EXTRACT,3
CL 19140,3
CERAMIDE 3,3
POLYSILICONE-15,3
SULFUR,3
MARIS WATER,3
MEL EXTRACT,3
SKŁADNIKI NATURALNE I POCHODZENIA NATURALNEGO,3
BUDDLEJA DAVIDII MERISTEM CELL CULTURE,3
TULIPA GESNERIANA FLOWER EXTRACT,3
MALPIGHIA GLABRA FRUIT EXTRACT,3
PHENYLPROPANOL,3
HEXYLDECANOL,3
LAURYL ALCOHOL DIPHOSPHONIC ACID,3
NARCISSUS POETICUS CALLUS EXTRACT,3
SODIUM CHONDROITIN SULFATE,3
PEG-20 STEARATE,3
ANIBA ROSAEODORA (ROSEWOOD) OIL,3
PISTACIA VERA SEED OIL,3
TRIFOLIUM PRATENSE (RED CLOVER) EXTRACT,3
CARYODENDRON ORINOCENSE SEED OIL,3
EUPHORBIA CERIFERA CERA,3
HYDROLYZED SPONGE EXTRACT,3
COLLOIDAL PLATINUM,3
PENTAPEPTIDE-48,3
CITRUS LIMON SEED OIL,3
PELARGONIUM GRAVEOLENS FLOWER/LEAF/STEM WATER,3
MENTHOL,3
TUBER AESTIVUM EXTRACT,3
POTASSIUM HYALURONATE,3
SOY ISOFLAVONES,3
DAUCUS CAROTA SATIVA (CARROT) ROOT EXTRACT,3
POTASSIUM HYDROXIDE,3
ROSA CENTIFOLIA FLOWER EXTRACT,3
POTENCJALNE ALERGENY,3
PINUS SYLVESTRIS LEAF OIL,3
STEVIA REBAUDIANA LEAF/STEM EXTRACT,3
LINUM USITATISSIMUM SEED OIL,3
VITIS VINIFERA FRUIT EXTRACT,2
HELIANTHUS ANNUUS HYBRID OIL,2
BETAGLUCAN,2
GLYCINE SOJA STEROLS,2
BETULA PLATYPHYLLA JAPONICA JUICE,2
BETULA ALBA LEAF EXTRACT,2
TETRAHYDROXYPROPYL ETHYLENEDIAMINE,2
SORBITYL LAURATE,2
CAPRYLIC/CAPRICTRIGLYCERIDE,2
POLYGLYCERYL-3 RICE BRANATE,2
SACCHAROMYCES/BARLEY SEED FERMENT FILTRATE,2
PORTULACA OLERACEA EXTRACT,2
CI77820,2
BENTONITE,2
AMINOBUTYRIC ACID,2
COCO-CAPRYLATE/ CAPRATE,2
BEESWAX (CERA ALBA),2
ULMUS DAVIDIANA ROOT EXTRACT,2
OENOTHERA BIENNIS (EVENING PRIMROSE) FLOWER EXTRACT,2
PRUNUS PERSICA (PEACH) KERNEL OIL,2
SCUTELLARIA BAICALENSIS ROOT EXTRACT,2
HYDROLYZED VEGETABLE PROTEIN,2
SODIUM,2
ISODONIS JAPONICUS LEAF / STALK EXTRACT,2
PLANKTON EXTRACT,2
SPIRULINA PLATENSIS EXTRACT,2
GOSSYPIUM HERBACEUM (COTTON) SEED OIL,2
ARGANIA SPINOSA (ARGAN) KERNEL OIL,2
NONAPEPTIDE-1,2
HYDROLYZED MANIHOT ESCULENTA TUBER EXTRACT,2
HIBISCUS ROSA-SINENSIS FLOWER EXTRACT,2
GOSSYPIUM HERBACEUM (COTTON) CALLUS CULTURE/PUNICA GRANATUM CALLUS CULTURE) LYSATE,2
MALPIGHIA GLABRA (ACEROLA) FRUIT EXTRACT,2
GLYCOPROTEINS,2
SORGHUM BICOLOR STALK JUICE,2
SODIUM POLYSTYRENE SULFONATE,2
DI-C12-13 ALKYL MALATE,2
BERTHOLLETIA EXCELS SEED OIL,2
SQUALANĘ,2
NIACYNAMIDE,2
RUBUS IDAEUS (RASPBERRY) FRUIT EXTRACT,2
LUFFA CYLINDRICA SEED OIL,2
TUBER MELANOSPORUM EXTRACT,2
SPHINGOLIPIDS,2
PALMITOYL OLIGOPEPTIDE,2
MALUS DOMESTICA FRUIT CELL CULTURE EXTRACT,2
ALEURITES MOLUCCANA SEED OIL,2
HYDROLYZED WHEAT PROTEIN/PVP CROSSPOLYMER,2
CALCIUM ASCORBATE,2
AESCULUS HIPPOCASTANUM (HORSE CHESTNUT) SEED EXTRACT,2
ETHYLHEXYL-GLYCERIN,2
POLYESTER-7,2
AMARANTHUS CAUDATUS SEED OIL,2
CAFFEIC ACID,2
PROTOCATECHIC ACID,2
LACTOBACILLUS/CENTELLA ASIATICA EXTRACT FERMENT,2
LINUM USITATISSIMUM SEED EXTRACT,2
TRIPEPTIDE-29,2
ACRYLATES/ C10-30 ALKYL ACRYLATE CROSSPOLYMER,2
AVENA SATIVA (OAT) BRAN EXTRACT,2
CETYL PHOSPHATE,2
HOUTTUYNIA CORDATA EXTRACT,2
CITRUS AURANTIUM DULCIS (ORANGE) FLOWER WATER,2
TREMELLA FUCIFORMIS EXTRACT,2
CYPERUS ESCULENTUS TUBER EXTRACT,2
OPUNTIA FICUS-INDICA SEED OIL,2
PYRUS MALUS FRUIT EXTRACT,2
REUTERIN,2
GALLIC ACID,2
THYMUS VULGARIS FLOWER/LEAF EXTRACT,2
CITRUS LIMON (LEMON) PEEL OIL,2
ACETYL OCTAPEPTIDE-3,2
DISODIUM ACETYL GLUCOSAMINE PHOSPHATE,2
MOONSTONE EXTRACT,2
AMETHYST EXTRACT,2
ANEMARRHENA ASPHODELOIDES ROOT EXTRACT,2
FRAGRANCE,2
PEG-30 CASTOR OIL,2
NYMPHAEA ALBA FLOWER EXTRACT,2
CITRUS AURANTIUM DULCIS FRUIT EXTRACT,2
POLYGLYCERYL-2-DIPOLYHYDROXYSTEARATE,2
QUARTZ,2
SODIUM PALMITOYL PROLINE,2
AMMONIUM ACRYLATES COPOLYMER,2
HYDROLYZED YEAST PROTEIN,2
EKSTRAKT Z CZERWONYCH ALG POPRAWIA JEDNOLITOŚĆ SKÓRY I PRZYWRACA JEJ BLASK,2
POLYGLUCURONIC ACID,2
LYCIUM BARBARUM FRUIT EXTRACT,2
TRIMETHYLOLPROPANE TRIISOSTEARATE,2
CITRUS LIMON PEEL OIL,2
CENTELLA ASIATICA LEAF WATER,2
UNDARIA PINNATIFIDA CELL CULTURE EXTRACT,2
BUDDLEJA OFFICINALIS FLOWER EXTRACT,2
CI 15510 / ORANGE 4,2
ZAWIERA ALERGENY,2
ANTHEMIS NOBILIS FLOWER OIL,2
TETRAHEXYLDECYL ASCORBATE,2
POLYGLYCERYL-3 OLEATE,2
ACRYLATES/BEHENETH-25 METHACRYLATE COPOLYMER,2
ACRYLONITRILE/METHYL METHACRYLATE/VINYLIDENE CHLORIDE COPOLYMER,2
ACETYL TRIFLUOROMETHYLPHENYL VALYLGLYCINE,2
GLYCINE SOJA PROTEIN / SOYBEAN PROTEIN,2
CERA ALBA / BEESWAX,2
CI 19140/YELLOW 5,2
1),2
CI 42090 (FD&C BLUE NO,2
CI 77007 (ULTRAMARINES),2
ISOAMYL P-METHOXYCINNAMATE,2
MARIS WATER (SEA WATER),2
TRILAURIN,2
DIACETYL BOLDINE,2
BELLIS PERENNIS FLOWER EXTRACT,2
OCTENIDINE HCL,2
40),2
CI 16035 (FD&C RED NO,2
5),2
CI 19140 (FD&C YELLOW NO,2
HYDROLYZED PLUKENETIA VOLUBILIS SEED EXTRACT,2
GOSSYPIUM HERBACEUM (COTTON) SEED EXTRACT,2
HELIANTHUS ANNUUS (SUNFLOWER ) SEED OIL,2
GLYCERYL OLEATE,2
ETHYL HEXANEDIOL,2
ELAEIS GUINEENSIS (PALM) OIL,2
CI 75810,2
MELATONIN,2
AMYLOPECTIN,2
CASSIA OBTUSIFOLIA SEED EXTRACT,2
HETEROTHECA INULOIDES FLOWER EXTRACT,2
ACRYLATES/C12-22 ALKYL METHACRYLATE COPOLYMER,2
ACETYL TETRAPEPTIDE-17,2
CANDELILLA/JOJOBA/RICE BRAN POLYGLYCERYL-3 ESTERS,2
RAFFINOSE,2
PROPOLIS EXTRACT,2
MAGNOLIA BIONDII BUD/FLOWER EXTRACT,2
CI 14700,2
TAMARINDUS INDICA FRUIT EXTRACT,2
HAEMATOCOCCUS PLUVIALIS EXTRACT,2
BRASSICA CAMPESTRIS STEROLS,2
ROYAL JELLY EXTRACT,2
GLYCERYL POLYMETHACRYLATE,2
BIFIDA FERMENT LYSATE,2
CAMELINA SATIVA SEED OIL,2
BRASSICA CAMPESTRIS (RAPESEED) SEED OIL,2
AMMONIUM POLYACRYLDIMETHYLTAURAMIDE / AMMONIUM POLYACRYLOYLDIMETHYL TAURATE,2
GLYCERYL ISOSTEARATE,2
CARRAGEENAN,2
SANTALUM ALBUM (SANDALWOOD) OIL,2
DIMETHICONE/ VINYL DIMETHICONE CROSSPOLYMER,2
PRUNUS AMYGDALUS DULCIS OLI,2
BOERHAVIA DIFFUSA ROOT EXTRACT,2
HELIANTHUS ANNUS SEED OIL,2
VITIS VINIFERA OIL,2
ANANAS SATIVUS FRUIT EXTRACT,2
RHEUM RHAPONTICUM ROOT EXTRACT,2
S-MU-CONOTOXIN CNIIIC ACETATE,2
SARCOSINE,2
PALMITOYL TRIPEPTIDE-28,2
RHODODENDRON FERRUGINEUM EXTRACT,2
PHENETYL ALCOHOL,2
BULBINE FRUTESCENS LEAF JUICE,2
ORYZA SATIVA POWDER,2
LAMINARIA DIGITATA EXTRACT,2
PENTHYLENE GLYCOL,2
SODIUM GLUCONATE,2
CI 77891 / TITANIUM DIOXIDE,2
ALOE BARBADENSIS LEAF WATER,2
MACROCYSTIS PYRIFERA EXTRACT,2
SYNTHETIC SAPPHIRE,2
PISUM SATIVUM (PEA) PEPTIDE,2
PEG- 30 DIPOLYHYDROXYSTEARATE,2
CAMELLIA SINENSIS SEED OIL,2
LINALYL ACETATE,2
BIS-DIGLYCERYL POLYACYLADIPATE-2,2
CITRUS JUNOS FRUIT EXTRACT,2
HYDROLYZED MYRTUS COMMUNIS LEAF EXTRACT,2
PYRUS CYDONIA SEED EXTRACT,2
ALPHA–ISOMETHYL IONONE,2
"PARFUM""",2
ROSA RUBIGINOSA SEED OIL,2
DIPOTASSIUM PHOSPHATE,2
LANOLIN ALCOHOL (EUCERIT®),2
GLYCINE SOJA GERM EXTRACT,2
HYDROGENATED COCO–GLYCERIDES,2
PUNICA GRANATUM FRUIT EXTRACT,2
GLYCERYL CITRATE/LACTATE/LINOLEATE/OLEATE,2
ALOE BARBADENSIS EXTRACT,2
CURCUMA LONGA RHIZOME EXTRACT,2
POLYGLYCERYL-2 OLEATE,2
COCO CAPRYLATE/CAPRATE,2
WITHANIA SOMNIFERA ROOT EXTRACT,2
CROCUS SATIVUS FLOWER EXTRACT,2
BUTYROSPERMUM PARKI BUTTER,2
EQUISETUM ARVENSE EXTRACT,2
PLANT GLYCERIN,2
VANILLIN,2
TEPHROSIA PURPUREA SEED EXTRACT,2
HYDROGENATED PALM GLYCERIDES CITRATE,2
MANGANESE PCA,2
HYDROLYZED EXTENSIN,2
DICOCOYL PENTAERYTHRITYL DISTEARYL CITRATE,2
PROPANEDIOL DICAPRYLATE,2
PINUS PALUSTRIS LEAF EXTRACT,2
POLYGLYCERYL-4 ISOSTEARATE,2
LAURYL LAURATE,2
AMMONIUM ACRYLOYLDIMETHYLTAURATE/ VP COPOLYMER,2
891PPM),2
CENTELLA ASIATICA EXTRACT (29,2
TITANIUM DIOXIDE [NANO] / TITANIUM DIOXIDE,2
PARFUM(FRAGRANCE),2
DIHYDROXYACETONE,2
GELLAN GUM,2
C12-16 ALCOHOLS,2
PEG-40 STEARATE,2
SODIUM CARBOXYMETHYL BETA-GLUCAN,2
AGAR,2
CAPRYLYL/CAPRYL GLUCOSIDE,2
HEPTYL UNDECYLENATE,2
PARFUM/ FRAGRANCE (F,2
ENANTIA CHLORANTHA BARK EXTRACT,2
SPANISH LICORICE EXTRACT,2
SOYBEAN SPROUT EXTRACT,2
MADECCAIC ACID,2
ORANGE ROUGHY OIL,2
LAVENDER OIL,2
8%),2
CENTELLA ASIATICA EXTRACT (9,2
PURIFIED WATER,2
HYDROXYETHYL UREA,2
CUCUMIS SATIVUS FRUIT EXTRACT,2
WATER/EAU,2
BETA GLUCAN,2
COPTIS CHINENSIS ROOT EXTRACT,2
ZINGIBER OFFICINALE (GINGER) ROOT EXTRACT,2
MENTHA PIPERITA (PEPPERMINT) LEAF EXTRACT,2
C12-14 PARETH-12,2
CYCLOMETHICONE,2
LITHOSPERMUM ERYTHRORHIZON ROOT EXTRACT,2
VIGNA ACONITIFOLIA SEED EXTRACT,2
BUTYLOCTYL SALICYLATE,2
VINYL DIMETHICONE/METHICONE SILSESQUIOXANE CROSSPOLYMER,2
OLIVE OIL DECYL ESTERS,2
CYCNOCHES COOPERI FLOWER/LEAF EXTRACT,2
POLYGLYCERYL-6 PALMITATE/SUCCINATE,2
DIMETHYLIMIDAZOLIDINONE RICE STARCH,2
COCAMIDOPROPYL BETAINE,2
GOSSYPIUM HERBACEUM FLOWER EXTRACT,2
TITANIUM DIOXIDE [NANO]/TITANIUM DIOXIDE,2
SODIUM STEARATE,2
IMIDAZOLIDINYL UREA,2
POLYETHYLENE,2
POLYGLYCERYL-3 STEARATE/SEBACATE CROSSPOLYMER,2
ALPINIA GALANGA EXTRACT,2
SILICA DIMETHYL SILYLATE [NANO] / SILICA DIMETHYL SILYLATE,2
MENYANTHES TRIFOLIATA LEAF EXTRACT,2
LAVANDULA STOECHAS EXTRACT,2
ACACIA DECURRENS FLOWER CERA / ACACIA DECURRENS FLOWER WAX,2
ARGANIA SPINOSA KERNEL EXTRACT,2
ISOSTEARYL LACTATE,2
PARFUM (KOMPOZYCJA ZAPACHOWA BEZ ALERGENÓW),2
TOCOPHEROL (WITAMINA E),2
PEAT EXTRACT (TORF TOŁPA®),2
COCO-CAPRYLATE (EMOLIENT POCHODZENIA ROŚLINNEGO),2
CAPRYLIC/CAPRIC TRIGLYCERIDE (EMOLIENT POCHODZENIA ROŚLINNEGO),2
GLYCERIN (GLICERYNA POCHODZENIA ROŚLINNEGO),2
WATER (WODA OCZYSZCZONA),2
MICA (PIGMENT POCHODZENIA MINERALNEGO),2
INONOTUS OBLIQUUS (MUSHROOM) EXTRACT,2
PRUNUS DOMESTICA SEED OIL,2
STEARETH-2,2
ASPERGILLUS FERMENT,2
HIPPOPHAE RHAMNOIDES KERNEL EXTRACT,2
BIOSACCHARIDE GUM-4,2
PINUS SYLVESTRIS (PINE) BUD EXTRACT,2
METHYLENE BIS-BENZOTRIAZOLYL TETRAMETHYLBUTYLPHENOL(NANO),2
TILIA PLATYPHYLLOS FLOWER EXTRACT,2
PERSEA GRATISSIMA BUTTER,2
ETHYLHEXYL PELARGONIATE,2
VITIS VINIFERA SEED OLI,2
VIOLET 2,2
CI 60730 / EXT,2
STEARIC AC ID,2
CICHORIUM INTYBUS ROOT EXTRACT,2
MELALEUCA ALTERNIFOLIA LEAF OIL,2
PEG-10 DIMETHICONE,2
ENGELHARDTIA CHRYSOLEPIS LEAF EXTRACT,2
ALKYL BENZOATE,2
MUSA SAPIENTIUM EXTRACT,2
DIMETHICONE/POLYGLYCERIN-3 CROSSPOLYMER,2
DIMETHICONE/PEG-10/15 CROSSPOLYMER,2
PRUNUS AMYGDALUS DULCIS (SWEET ALMOND) SEED EXTRACT,2
CAULERPA LENTILLIFERA EXTRACT,2
DIMETHYLMETHOXY CHROMANYL PALMITATE,2
ROYAL JELLY,2
EKSTRAKT Z LIŚCI DRZEWA MANUKA,2
GOAT MILK EXTRACT,2
HELICHRYSUM STOECHAS FLOWER EXTRACT,2
MARRUBIUM VULGARE EXTRACT,2
BACOPA MONNIERI EXTRACT,2
HIMANTHALIA ELONGATA EXTRACT,2
SORBITAN CAPRYLATE,2
TRIFLUOROACETYL TRIPEPTIDE-2,2
SH-POLYPEPTIDE-121,2
APHANIZOMENON FLOS WATERE EXTRACT,2
CROCUS SATIVUS STIGMA EXTRACT,2
HEXAPEPTIDE-9,2
HYDROLYZED YEAST EXTRACT,2
HEXYLDECYL LAURATE,2
HORDEUM VULGARE LEAF JUICE,2
OPUNTIA FICUS-INDICA STEM EXTRACT,2
CETEARETH-6,2
CENTELLA ASIATICA (GOTU KOLA) EXTRACT(72%),2
GLYCERYL CAPRATE,1
ZINC STEARATE,1
TRITICUM VULGARE (WHEAT) BRAN EXTRACT,1
ROSA DAMASCENA FLOWER WAX,1
VEGETABLE OIL (OLUS OIL),1
HYPERICUM PERFORATUM FLOWER/LEAF EXTRACT,1
ARACHIS HYPOGAEA (PEANUT) OIL,1
POLYGLYCERYL-6-PENTAOLEATE,1
ETEARYL ALCOHOL,1
C,1
PUNICA GRANATUM FLOWER EXTRACT,1
VANILIA PLANIFOLIA FRUIT EXTRACT,1
W KTÓRYM 30 OSÓB ZASTOSOWAŁO PRODUKT JEDNOKROTNIE,1
Z KONTROLOWANYCH UPRAW EKOLOGICZNYCH  Z NATURALNYCH OLEJKÓW ETERYCZNYCH SKUTECZNOŚĆ POTWIERDZONA W TEŚCIE IN VIVO,1
JUICE POWDER,1
ALOE BARBADENSIS LEAF,1
PALMITYNIAN ISOPROPYLU BERGACARE EM-16,1
GLYCERYL STEARATE CITRATE HELIANTHUS ANNUUS SEED OIL,1
THEOBROMINE,1
GARDENIA JASMINOIDES MARISTEM CELL CULTURE,1
TIRETHANOLAMINE,1
ETHYLHEXYL METHOXYCINAMATE,1
SACCHAROMYCES/XYLINUM/ BLACK TEA FERMENT,1
PLUKENETIA VOLUBILISSEED OIL,1
MALTOLIGOOSYL GLUCOSIDE,1
MACADMIA TERNIFOLIA SEED OIL,1
HYDROGENATED PALM KERNEL GLYCERIDES,1
PROPYLPARABEN DMDM HYDANTOIN,1
POLYGLYCERYL-6 PENTAOLEATE,1
LAURYL POLYGLYCERYL-3 POLYDIMETHYLSILOXYETHYL DIMETHICONE,1
POLYGLYCERYL-3 POLYDIMETHYLSILOXYETHYL DIMETHICONE,1
MYRCIARIA DUBIA FRUIT EXTRACT,1
HYDROLYZED RHODOPHYCEAE EXTRACT,1
MALUS DOMESTICA FRUIT CELI CULTURE EXTRACT,1
TRICALCIUM PHOSPHATE,1
VACCINIUM MACROCARPON FRUIT POWDER,1
PFG-100 STEARATE,1
BIS-ETHYIHEXYLOXYPHENOL METHOXYPHENYL TRIAZINE,1
03-14 ISOPARAFFIN,1
ALBIZIA JULIBRISSIN BARK EXTRACT,1
BUTYROSPERNNUM PARKII BUTTER,1
CHLORHEXIDINE DIGLUCONATE,1
ORYZA SATIVA OIL,1
OCTYLDODECYL STEAROYL STEARATE,1
ETHOXYDIGLYCOL,1
ELAEIS GUINEENSIS OIL,1
BIDENS PILOSA EXTRACT,1
COCONUT ALKANES,1
CITRUS AURANTIUM BERGAMIA (BERGAMOT) PEEL OIL,1
ETHYL CELLULOSE,1
RUBUS IDEAEUS (RASPBERRY) FRUIT EXTRACT,1
PRUNUS PERSICA (PEACH) FLOWER EXTRACT,1
OLUS (VEGETABLE) OIL,1
LINSEED ACID,1
OLEA EUROPAEA FRUIT OII,1
CL 77491 (IRON OXIDE),1
MAGNESIUM HYDROXIDE,1
ORYZA SATIVA (RICE) STARCH,1
GLYCERYL LINOLENATE,1
CYMBOPOGON SCHOENANTHUS (LEMONGRASS) EXTRACT,1
CINNAMAL,1
PRUNUS CERASUS (CHERRY) FRUIT EXTRACT,1
MUSA SAPIENTUM (BANANA) FLOWER EXTRACT,1
HYDROGENATED TRILINOLEATE,1
TRI(POLYGLYCERYL-3/LAURYL),1
PENTYLENE GYCOL,1
COCO-CAPRYLATE/- CAPRATE,1
20221212,1
BUTETH-3 TRIBUTYL CITRATE,1
GLYCERYL DIOLEATE HYDROXYACETOPHENONE,1
CERAMIDE NP CYANOCOBALAMIN,1
CI 77289 (CHROMIUM HYDROXIDE GREEN),1
HYDROLYZED WHEAT FLOUR,1
EUPHORBIA CERIFERA CERA (EUPHORBIA CERIFERA (CANDELILLA) WAX),1
BIXA ORELLANA SEED EXTRACT,1
AZELAIC ACID,1
MYRISTYL GLUCOSIDE,1
OLUS OIL (VEGETABLE OIL),1
HYDROGENATED COCONUT ACID,1
ISOCETYL STEARATE,1
CI 77510,1
PENTAERYTHRITY TETRAISOSTEARATE,1
BETAINE SALICYLATE,1
BENZOTRIAZOLYL DODECYL P-CRESOL,1
HYDROXYACETOPHENONE DICAPRYLYL CARBONATE,1
C12-18 ACID TRIGLYCERIDE,1
C18-36 ACID TRIGLYCERIDE,1
ALOE VERA LEAF EXTRACT,1
ACRYLATE/ACRYLIC ACID COPOLYMER,1
GLYCERYL SODIUM POLYACRYLATE,1
DIOLEATE,1
ALUMINUM SUCROSE OCTASULFATE,1
STYRENE/ACRYLATES COPOLYMER,1
SWERTIA CHIRATA EXTRACT,1
CI 77163 (BISMUTH OXYCHLORIDE),1
PYRIDOXINE,1
CI 17200 (RED 33),1
CI 19140 (YELLOW 5),1
OENOTHERA BIENNIS (EVENING PRIMROSE) OIL,1
PAEONIA ALBIFLORA ROOT EXTRACT,1
TABEBUIA IMPETIGINOSA BARK EXTRACT,1
GLUCOSAMINE,1
ORNITHINE,1
DEOXYTHYMIDINE,1
DEOXYGUANOSINE,1
DEOXYCYTIDINE,1
DEOXYADENOSINE,1
GLUCOMANNAN,1
SODIUM ASCORBATE,1
TRIHYDROXYSTEARIN,1
SESAMUM INDICUM (SESAME) SEED EXTRACT,1
ACRYLATE/C10-30 ALKYL ACRYLATE CROSSPOLYMER,1
GLYCERYL,1
SOYBEAN OIL,1
TOCOPHERYL PHOSPHATE,1
PYRIDOXAL 5-PHOSPHATE,1
METHYL DEOXYCYTIDINE,1
SODIUM URIDINE TRIPHOSPHATE,1
DISODIUM FLAVINE ADENINE DINUCLEOTIDE,1
GLUCURONOLACTONE,1
MAGNESIUM OXIDE,1
COPERNICIA CERIFERA CERA,1
ISOPENTYLDIOL,1
AMINOMETHYL PROPANOL,1
HELIANTHUS ANNUUS (SUNFLOWER) SEED OIL UNSAPONIFIABLES,1
MOONSTONE EXTRACT/HYDRATED SILICA,1
POLYGLYCERYL-3 CAPRATE,1
CETYL HYDROXYETHYL CELLULOSE,1
COCOS NUCIFERA LIQUID ENDOSPERM,1
COFFEA ARABICA SEED EXTRACT,1
PASSIFLORA EDULIS SEED OIL,1
HYDROGENATED OLIVE OIL CAPRYLYL ESTERS,1
LACTITOL,1
ROSMARINUS OFFICINALIS LEAF EXTRACT CAPRYLYL/CAPRYL GLUCOSIDE,1
SODIUM ACRYLATE/ACRYLOYLDIMETHYLTAURATE/DIMETHYLACRYLAMIDE CROSSPOLYMER,1
PSZENICY SODIUM HYDROXIDE -  SODIUM PHYTATE – OTRĘBY RYŻOWE MYRISTIC ACID – POCHODZENIE ROŚLINNE PALMITIC ACID – POCHODZENIE ROŚLINNE CAPRYLIC GLYCOL -  CITRIC ACID – FERMENTACJA MELASY XANTHAN GUM – FERMENTACJA NASION SOI TOCOPHEROL – NASIONA SOI,1
KUKURYDZY,1
KOKOS GLYCINE SOJA OIL/SOYBEAN OIL – NASIONA SOI ALOE BERBEDENSIS LEAF- ALOES JUICE POWDER – ALOES VITIS VINIFERA FRUIT WATER/ GRAPE FRUIT WATER – WINOGRONO STEARIC ACID – POCHODZENIE ROŚLINNE CARBOMER-  SODIUM HYALURONATE – FERMENTACJA SOI,1
KUKURYDZA ZEA MAYS STARCH/ CORNY STARCH – KUKURYDZA STEARYL ALCOHOL – RZEPAK,1
MELASA KUKURYDZIANA GLYCERYL STEARATE SE – RZEPAK POLYGLYCERYL-3 METHYLGLUCOSE DISTEARATE – RZEPAK,1
TRZCINA CUKROWA,1
- BURAK CUKROWY,1
CAPRYLIC/CAPRIC TRIGLYCERIDE – KOKOS DICAPRYL ETHER – KOKOS ALCOHOL DENAT,1
KOKOS,1
RZEPAK,1
(SKŁADNIK – ŹRÓDŁO POCHODZENIA) WATER - WODA OCZYSZCZONA BUTYROSPERMUM PARKII BUTTER/SHEA BUTTER - NASIONA SHEA GLYCERIN – NASIONA SOI,1
CHRYSIN,1
PALMITOYL TETRAPEPTIDE -7,1
SAMBUCUS NIGRA FLOWER EXTRACT,1
PRUNUS SERRULATA FLOWER EXTRACT,1
XANTHAN GUM ACRYLATES COPOLYMER,1
COPERNICIA CERIFERA CERA / CARNAUBA WAX,1
ETHYLHEXYL TRIAZONE BUTYL METHOXYDIBENZOYLMETHANE,1
Z70038253/1),1
POTASSIUM SORBATE (F,1
VITIS VINIFERA FRUIT WATER / GRAPE FRUIT WATER,1
B 246437/1) -,1
RZEPAK SALICYLIC ACID -  PARFUM/FRAGRANCE (F,1
BAWEŁNA,1
KUKURYDZA,1
SŁONECZNIK,1
PHYTOSTERYL/BEHENYL/OCTYLDODECYL LAUROYL GLUTAMATE,1
BEHENYL ALKOHOL,1
PPG-10 METHYL GLUCOSE ETHER,1
CAPRYLIC/CAPRYL TRIGLYCERIDE,1
940151 4C – INGREDIENTS: WATER,1
Z70038504/1 ),1
HYDROXYETHYLCELLULOSE CAPRYLOYL SALICYLIC ACID,1
C12-22 ALKYL ACRYLATE / HYDROXY - ETHYLACRYLATE COPOLYMER,1
LINALOOL GERANIOL,1
CI 77499 / IRON OXIDES,1
CI 77492 / IRON OXIDES,1
CI 77491 / IRON OXIDES,1
RHEUM PALMATUM ROOT/STALK EXTRACT,1
SOPHORA FLAVESCENS ROOT EXTRACT,1
GOSSYPIUM HERBACEUM (COTTON) EXTRACT,1
CARDIOSPERMUM HALICACABUM FLOWER/LEAF/VINE EXTRACT,1
OZOKERITE,1
PPG-10 METHYL GLOCOSE ETHER,1
CAPRYLIC/CAPRIC/MYRISTK/STEARIC TRIGLYCERIDE,1
CAPRYLIC/CAPRK: TRIGLYCERIDE,1
BUTYTENE GLYCOL,1
THIOCTIC ACID,1
HYDROXYETHYKELLULOSE,1
APHANOTHECE SACRUM EXOPOLYSACCHARIDES,1
PHYTOSTERYL/LSOSTEARYL/CETYL/ STEARYL/BEHENYL DI MER DILINOLEATE,1
HYDROGENATED POLY (C6-12 OLEFIN),1
LACTOBACILLUS/SOYMILK FERMENT FILTRATE,1
TETRAPEPTIDE-5,1
UMNANTHES ALBA SEED OIL,1
POLYGLYCERYL-2 TRIISOSTEARATE,1
ECHIUM PLANTAGINEUM SEED OIL,1
RHEUM RHAPONTICUM (ROOT EXTRACT),1
ALOE BARBADENSIS GEL,1
ALOE BARBADENSIS (ALOE VERA) LEAF JUICE,1
CI 77861 (TIN OXIDE),1
CITRUS LIMON PEEL WATER,1
HIPPOPHAE RHAMNOIDES (SEA BUCKTHORN) OIL,1
POLYGLYCERYL-6 POLYRICINOLEATE,1
JASMINUM OFFICINALE (JASMINE) FLOWER/LEAF EXTRACT,1
ANISIC ACID,1
CARTHAMUS TINCTORIUS (SAFFLOWER) OIL,1
BENZYL ALCOHOL ZAWIERA ALERGEN,1
HYDROLYZED OATS,1
INOSITOL (VITAMIN B8),1
HIPPOPHAE RHAMNOIDES (SEABUCKTHORN) FRUIT OIL,1
HIPPOPHAE RHAMNOIDES (SEABUCKTHORN) FRUIT EXTRACT,1
RETINYL PALMITATE (VITAMIN A),1
MACADAMIA TERNIFOLIA (MACADAMIA) SEED OIL,1
SIMMONDSIA CHINENSIS (JOJOBA) OIL,1
PRUNUS AMYGDALUS DULCIS (ALMOND) OIL,1
ISOAMYL LAUREATE,1
POTASSIUM SORBATE ZAWIERA ALERGEN,1
AMYLOPECTIN (AND) LITHOTHAMNION CALCAREUM EXTRACT,1
ARTEMISIA ANNUA EXTRACT,1
SKŁADNIK POCHODZENIA NATURALNEGO SKŁADNIK CERTYFIKOWANY,1
LAVANDULA ANGUSTIFOLIA OIL,1
ZANTHOXYLUM PIPERITUM FRUIT EXTRACT,1
USNEA BARBATA EXTRACT,1
PULSATILLA KOREANA EXTRACT,1
SUNFLOWER SEED OIL GLYCERIDES,1
ORYZA SATIVA EXTRACT,1
AMYL CINNAMAL ZAWIERA ALERGENY,1
ROSE EXTRACT,1
(BERGAMOT) FRUIT EXTRACT,1
CUPRESSUS SEMPERVIRENS SEED EXTRACT,1
LAVANDULA ANGUSTIFOLIA (LAVENDER) FLOWER/LEAF STEM EXTRACT,1
PRUNUS PERSICA (PEACH) FRUIT EXTRACT,1
PLUMERIA RUBRA FLOWER EXTRACT,1
JOJOBA ESTERS/ HELIANTHUS ANNUUS SEED WAX/ ACACIA DECURRENS FLOWER WAX/ POLYGLYCERIN-3,1
DIETHYLHEXYL CARBONATE,1
TOCOPHERYL ACEATE,1
PHYLLOSTACHYS PUBESCENS SHOOT BARK EXTRACT,1
LAURYL OLIVATE,1
CAPRYŁYL GLYCOL,1
DIPOTASSUM PHOSPHATE,1
POLYGONUM TINCTORIUM LEAF EXTRACT,1
BRASSICA CAMPESTRIS SEED OIL,1
HYDRLYZED SOY PROTEIN,1
GLYCERYL UNDECYLENATE,1
BIS (TRIPEPTIDE-1) COPPER ACETATE,1
LEUCONOSTOC/ RADISH ROOT FERMENT FILTRATE,1
GALACTOARABINAN,1
CENTAUREA CYANUS FLOWER WATER,1
ACRYLATES/DIMETHICONE COPOLYMER,1
BUTYROSPERMUM PARKII BUTTER EXTRACT,1
PRUNUS AMYGDALUS (SWEET ALMOND) DULCIS OIL,1
HELICHRYSUM STOECHAS EXTRACT,1
ALPHA ISOMETHYL LONONE,1
CITRUS AURANTIUM DULCIS OIL,1
CITRUS PARADISI FRUIT EXTRACT,1
SIMMONDSIA CHINENSISSEED OIL,1
3-O ETHYL ASCORBIC ACID,1
GLYCEWN,1
MORUS ALBA BARK EXTRACT,1
ORCHID EXTRACT,1
POLYGLYCERYL-4 LAURATE/SUCCINATE,1
THYMUS VULGARIS (THYME) LEAF WATER,1
HELICHRYSUM ITALICUM FLOWER WATER,1
MORUS ALBA FRUIT EXTRACT,1
DIOSPYROS KAKI LEAF EXTRACT,1
CINNAMOMUM CASSIA BARK EXTRACT,1
ARTEMISIA PRINCEPS LEAF EXTRACT,1
C30-45 ALKYL DIMETHICONE,1
BIS-BEHENYL/ISOSTEARYL/PHYTOSTERYL DIMER DILINOLEYL DIMER DILINOLEATE,1
WATER / WATER / EAU,1
NELUMBO NUCIFERA (LOTUS ) EXTRACT,1
B272927/1),1
PEG-20,1
BIS-PEG-18 METHYL ETHER DIMETHYL SILANE,1
909034 41 – INGREDIENTS: WATER / WATER,1
B274806/1),1
909193 12 – INGREDIENTS: WATER / WATER,1
Z296349/1),1
VP/HEXADECENE COPOLYMER,1
GLYCYRRHIZA GLABRA (LICORICE) ROOT EXTRACT,1
HAMAMELIS VIRGINIANA (WITCH HAZEL) WATER,1
MORUS ALBA ROOT EXTRACT,1
PEG-20 METHYL GLUCOSE SESQUISTEARATE,1
PRUNUS ARMENIACA KERNEL OIL/ APRICOT KERNEL OIL,1
B196877/1),1
100% BAWEŁNA,1
CERA ALBA/BEESWAX,1
ORYZA SATIVA BRAN OIL/RICE BRAN OIL,1
PRUNUS ARMENIACA KERNEL OIL/APRICOT KERNEL OIL,1
Z283564/1,1
ORYZA SATIVA (RICE) EXTRACT (30%),1
ACETYL TETRAPEPTIDE-9,1
909302 06 - INGREDIENTS: WATER / WATER,1
Z70034593/3),1
CHRYSANTHEMUM INDICUM FLOWER EXTRACT,1
ROSA DAVURICA BUD EXTRACT,1
LIMONIA ACIDISSIMA EXTRACT,1
PALMITOYL TETRAPEPTIDE- 7,1
B197250/1),1
BEZNYL ALCOHOL,1
URTICA DIOICA EXTRACT/NETTLE EXTRACT,1
GLYCINE SOJA PROTEIN/SOYABEAN PROTEIN,1
CERA MICROCRISTALINA/MICRCRISTALINE WAX,1
CHAMOMILLA RECUTITA FLOWER EXTRACT/ MATRICARIA FLOWER EXTRACT,1
PARAFFINUM LIQUIDUM/ MINERAL OIL,1
ORYZA SATIVA (RICE) GERM EXTRACT,1
ISOSTEARAMIDOPROPYL ETHYLDIMONIUM ETHOSULFATE,1
B192799/2),1
ISOSTEARAMIDOPROPYL DIMETHYLAMINE,1
COPOLYMER,1
ACRYLONITRILE/METHYL METHACRYLATE/VINYLIDENE CHLORIDE,1
PHLOROGLUCINOL TRIMETHYL ETHER,1
ISOSTEARIC ACID,1
FAGUS SYLVATICA BUD EXTRACT,1
SAFFLOWER OIL/PALM OIL AMINOPROPANEDIOL ESTERS,1
Z283210/1),1
COCAMIDOPROPYL PG-DIMONIUM CHLORIDE PHOSPHATE,1
BROMELAIN,1
OXIDIZED STARACH ACETATE,1
ZEA MAYS STARCH/ CORN STARCH,1
L Z70001705/1),1
CUCUMIS SATIVUS SEED OIL,1
BIS- ETHYLHEXYLPHENOL METHOXYPHENYL TRIAZINE,1
PEG-100 STERATATE,1
DISODIUM STEARYL GLUTAMATE,1
BARON NITRIDE,1
CAMELIA OLEIFERA SEED OIL,1
TRIDOSIUM ETHYLENDIAMINE DISUCCINATE,1
BUTYL METHOXYDIBEZNOYLMETHANE,1
C12-15 ALKYL BEENZOTE,1
L B276909/1),1
VITIS VINIDERA FRUIT WATER / GRAPE FRUIT WATER,1
TITANIUM DIOXIDE [NANO] / TITAMUM DIOXIDE,1
PTFE,1
CETEARYL GLUUCOSIDE,1
ETHYLHEXYLGLYCEIN,1
BUTYL METHOXYDIBENZOLMMETHANE,1
DIBUTYL ADIPA - TE,1
Z284743/1),1
909131 16 - INGREDIENTS: WATER / WATER,1
Z286433/1),1
BETA - SITOSTEROL,1
HELIANTHUS ANNUUS SEED CERA / SUNFLOWER SEED WAX,1
1–METHYLHYDANTOIN–2–IMIDE,1
POLYGLYCERYL–3 METHYLGLUCOSE DISTEARATE,1
SODIUM CARBMER,1
3 -OCTADECANEDIOL,1
2 - OLEAMIDO-1,1
HYDROXYPALMITOYL SPHINGANINE,1
C265878/1),1
CI 16035 / RED 40,1
CI 15985 / YELLOW 6,1
B276084/1),1
DEHYDROXANTHAN GUM,1
CYDONIA OBLONGA SEED EXTRACT,1
TRICHILIA EMETICA SEED BUTTER,1
BUTYROSPERMUM PARKII (SHEA) BUTTER EXTRACT,1
C10-18 TRIGLYCERIDE,1
OCIMUM BASILICUM (BASIL) FLOWER/LEAF EXTRACT,1
ALPINIA GALANGA LEAF EXTRACT,1
PARFUM / FRAGRANCE (FIL Z70013153/1),1
PERLITE CAPRYLIC/CAPRIC TRIGLYCERIDE,1
PRUNUS PERSICA (PEACH) JUICE,1
CL 14700 / RED 4,1
INGREDIENTS: WATER (WATER),1
SO - DIUM BENZOATE,1
ACETYL DIPEPTIDE-1CETYL ESTER,1
ACRY - LATES/C10-30 ALKYL ACRYLATE CROSSPOLYMER,1
Z291023/1),1
CETEARYL AL - COHOL,1
SAUALENE,1
GLYCINE SOJA OIL / SOYBEAN OIL,1
917156 15 - INGREDIENTS: WATER / WATER,1
B258055/1),1
CI 77891/ TITANIUM DIOXIDE,1
CI 77163/ BISMUTH OXYCHLORIDE,1
Z 70019477/1),1
ACRYLATES -30 ALKYL ACRYLATE CROSSPOLYMER,1
782389 36 - INGREDIENTS: WATER / WATER,1
B223562/2),1
GLYCINE SOJA (SOYBE - AN OIL,1
3-0 - -ETHYL ASCORBIC ACID,1
MARIS SAL (SEA SALT ),1
CAMELLIA JAPONICA (TSUBAKI) SEED OIL,1
782725 146 - INGREDIENTS: WATER / WATER,1
L Z299156/1),1
CI 19140/ YELLOW 5,1
CI 15985/ YELLOW 6,1
SORBITAN LAUREATE,1
Z295496/1),1
OLEA EUROPAEA (OIIVE) FRUIT OIL,1
CI 14700/RED 4,1
FAEX EXTRACT/YEAST EXTRACT,1
Z70022717/1),1
VP/EICOSENE COPOLYMER,1
OCTADECANE,1
OPUNTIA FICUSINDICA SEED OIL,1
DISO- DIUM EDTA,1
TETRADECYL AMINOBUTYROYLVALYLAMINOBUTYRIC UREA TRI- FLUOROACETATE,1
POLYGLYCERYL-4 CAPRATE,1
HY- DROLYZED ADANSONIA DIGITATA SEED EXTRACT,1
PAL- MITOYL DIPEPTIDE-5 DIAMINOBUTYROYL HYDROXYTHREONINE,1
B260734/1),1
POTASSIUM CETYL PHOSPHATE SODIUM STEAROYL GLUTAMATE,1
L Z70011624/1),1
HYDROGENATED CASTOR OIL DIMER DILINOLEATE,1
SIMMONDSIA CHINENSIS SEED OIL/JOJOBA SEED OIL,1
B232369/1),1
PRUNUS ARMENIACA KERNEL OIL / APRICOT KERNEL OIL,1
SHOREA ROBUSTA SEED BUTTER,1
ANANAS SATIVUS (PINEAPPLE) FRUIT JUICE,1
BACILLUS/FOLIC ACID FERMENT FILTRATE EXTRACT,1
ACETYL GLUTAMINE,1
ORYZA SATIVA (RICE ) BRAN OIL,1
BETA - CAROTENE,1
CANNABIS SAWA (HEMP) SEED OIL,1
-SITOSTEROL,1
36),1
CI 12085 (D&C RED NO,1
CI 77492 (IRON OXIDES),1
PIROGLUTAMIC ACID,1
CANNABIS SATIVA (HEMP) SEED OIL MACADAMIA INTEGRIFOLIA SEED OIL,1
CICHORIUM INTYBUS (CHICORY) ROOT EXTRACT,1
GUAIAZULENE,1
POLYETHER-1,1
LACTIC ACID/GLYCOLIC ACID COPOLYMER,1
CANOLA (CANOLA ) OIL,1
FOLIC ACIDE L HYDROXYACETOPHENONE,1
| LAMINARIA OCHROLEUCA EXTRACT,1
POLYSORBATE E 2 20,1
LACTOFERRIN,1
T P TRIPELARGONIN,1
BUTYROSPERMUM I PARKII (SHEA ) B BUTTER,1
502 PROPANEDIOL,1
ISOPROPYL 20 ISOSTEARATE,1
GARDENIA TAHITENSIS FLOWER EXTRACT,1
GOSSYPIUM HERBACEUM (COTTON ) SEED OIL,1
PRUNUS AMYGDALUS DULCIS (SWEET ALMOND ) OIL,1
BENZYL ALCOHOL POTASSIUM,1
ANOL,1
SODIUM METABISULFITE PHENOXYETH,1
VITIS VINIFERA (GRAPE) LEAF EXTRACT,1
DNA,1
SIMMONDSIA CHINENSIS (JOJOBA ) SEED OIL,1
ETHYLHEXYLGLYC - ERIN,1
BUTYROSPERMUN PARKII BUTTER,1
ASCORBYL TETRAISOPALIMITATE,1
PYRUS MALUS SEED OIL,1
POTASSIUM LAURATE,1
DISODIUM LAURYL SULFOSUCCINATE,1
PEG-240/HDI COPOLYMER BIS-DECYLTETRADECETH-20 ETHER,1
SH-POLYPEPTIDE-9,1
SH-POLYPEPTIDE-11,1
SH-POLYPEPTIDE-1,1
CANDELILLA CERA,1
HYDROGENATED VEGETABLE 100 GLYCERIDES 10 F CITRATE,1
TOCOPHEROL HYDROGENATED VEGETABLE OIL,1
CANOLA ( (CANOLA ) OIL,1
PHYTOSTERYL/ISOSTEARYL/CETYL/STEARYL/BEHENYL DIMER DILINOLEATE,1
ACTINIDIA POLYGAMA FRUIT EXTRACT,1
SH-OLIGOPEPTIDE-2,1
HYALURONATE,1
SODIUM ACETYLATED,1
SODIUM STEAROYL GLUTAMATE BETA-SITOSTEROL,1
ETHYXEXYLGLYCERIN,1
TROXERUTIN,1
MARIS SAL (SEA SALT EXTRACT),1
CYMBOPOGON CITRATUS (LEMON GRASS) EXTRACT,1
PHOSPHOLIPID,1
COCO/CAPRYLATE CAPRATE,1
SORBITYL AURATE,1
BETA -CAROTENE,1
CANNABIS SATIVA (HEMP) SEED OIL,1
ETHYLCELLULOSE,1
BETA VULGARIS (BEET) ROOT EXTRACT,1
SACCHAROMYCES FERMENT,1
ORYZA SATIVA (RICE) EXTRACT,1
MONASCUS EXTRACT,1
LACTOCOCCUS FERMENT LYSATE,1
LACTOBACILLUS/PUNICA GRANATUM FRUIT FERMENT EXTRACT,1
BIFIDA FERMENT FILTRATE,1
LACTOCOCCUS FERMENT,1
LACTOBACILLUS/ACEROLA CHERRY FERMENT,1
POLYQUATERNIUM-51,1
FICUS CARICA (FIG) FRUIT EXTRACT,1
PELARGONIUM GRAVEOLENS FLOWER OIL,1
THEOBROMA CACAO (COCOA) SHELL POWDER,1
AMMONIUM ACRYLO- YLDIMETHYLTAURATE/VP COPOLYMER,1
GLYCOSYL TREHALOSE,1
DIOSCOREA JAPONICA ROOT EXTRACT,1
COCO- CAPRYLATE/-CAPRATE,1
ACACIA DECURRENS FLOWER CERA/ACACIA DECURRENS FLOWER WAX,1
POLYGLYCERYL-6 DISTEARATE,1
B181251/1),1
LACTOFERRICIN,1
CI 73360,1
CAPRYLIC / CAPRIC TRIGLYCERIDE,1
B206400/1),1
SODIUM HYDORXIED,1
CI 77289,1
COCOS NUCIFERA (COCONUT) WATER,1
ACRYLONITRILE/METHYL METHACRYLATE/VINYLIDENE CHLORISE CPOPYLMER,1
STEARYL DIMETHICONE,1
NYLON 6/12,1
VACCINIUM ANGUSTIFOLIUM (BLUEBERRY) FRUIT EXTRACT,1
BRASSICA OLERACEA CAPITATA (CABBAGE) LEAF EXTRACT,1
B176700/1),1
PHENYLETHYL RESORCINOL,1
HYDROLYZED RICE BRAN PROTEIN,1
ISOPROPYL LAUROYL SARCOSINATE,1
Z70013560/1),1
CI 47005 / ACID YELLOW 3,1
B163651/1),1
OENOTHERA BENNIS OIL/EVENING PRIMROSE OIL,1
MYRISTYL MALATE PHOSPHONIC ACID,1
CETEARYL ACOHOLO,1
B212914/1),1
POLYGLYCERYL-3 BEESWAX,1
POLYGLYCERYL-3,1
HELIANTHUS ANNUS SEED OIL/SUNFLOWER SEED OIL,1
HELIANTHUS ANNUUS SEED CERA/SUNFLOWER SEED WAX,1
GLYCINE SOJA OIL/SOYBEAN OIL,1
TRITICUM VULGARE (WHEAT) GERN OIL,1
BAICALIN,1
LILIUM CANDIDUM FLOWER EXTRACT,1
AVENA SATIVA (OAT) KERNEL FLOUR,1
3 -O-ETHYL ASCORBIC ACID,1
ASCORBYL TETRA-ISOPALMITATE,1
ASTROCARYUM TUCUMA SEED BUTTER,1
POTASSIUM OLIVOYL HYDROLYZED OAT PROTEIN,1
SACCHAROMYCES LYSATE EXTRACT,1
CYMBOPOGON SCHOENANTHUS EXTRACT,1
HIPPOPHAE RHAMNOIDES SEED OIL,1
CI77491 (IRON OXIDES),1
CI77891 (TITANIUM DIOXIDE),1
SKŁADNIK POCHODZENIA NATURALNEGO SKŁADNIK Z UPRAW ORGANICZNYCH SKŁADNIK ZAPEWNIAJĄCY TRWAŁOŚĆ KOSMETYKU I KOMFORT APLIKACJI,1
SODIUM LAUROYL GLUTAMATE,1
HYDROGENATED DIMER DILINOLEYL/ DIMETHYLCARBONATE COPOLYMER,1
CAMELLIA SINENSIS LEAF WATER,1
VINYL DIMETHICONE / METHICONE SILSESQUIOXANE CROSSPOLYMER,1
COCOS NUCIFERA (COCONUT) LIQUID ENDOSPERM,1
COCOS NUCIFERA FRUIT EXTRACT,1
PYRIDOXINE HYDROCHLORIDE,1
SALVIA HISPANICA (CHIA) SEED OIL,1
ACRYLOYLDIMETHYLTAURATE/VP COPOLYMER,1
AMMONIUM,1
METHYLPENTADECENE,1
HYDROGENATED TETRADECENYL,1
MANGIFERA INDICA FRUIT EXTRACT,1
TAPIOCHA STARCH,1
CRITHMUM MARITIMUM EXTRACT,1
ASCOPHYLLUM NODOSUM EXTRACT,1
C14-22 ALKYL ALCOHOL,1
CITRUS JAPONICA FRUIT EXTRACT,1
ALANINIE,1
DIMATHICONE CROSSPOLYMET,1
POLUSORBATE 60,1
CITRUS LIMONPEEL EXTRACT,1
ROSA CANINA SEED OIL,1
D- PANTHENOL,1
HYDROGENATED COCONUT OIL,1
DICAPRYLATE/DICAPRATE,1
PANAX GINSENG ROOT WATER,1
AGAVE TEQUILANE LEAF EXTRACT,1
ORYZA SATIVA (RICE) BRAN WATER,1
HYDROLYZED CORN PROTEIN,1
PEG-60 ALMOND GLYCERIDES,1
NORDIHYDROGUAIARETIC ACID,1
SUNFLOWER SEED ACID,1
IMPERATA CYLINDRICA ROOT EXTRACT,1
CAPRYLIC/CA - PRIC TRIGLYCERIDE,1
ARTEMISIA CAPILLARIS EXTRACT,1
MELALEUCA ALTERNIFOLIA (TEA TREE) LEAF OIL,1
AMBER POWDER,1
CITRULLUS LANATUS (WATERMELON) SEED OIL,1
CI 60725,1
BUTYLMETHOXYDIBENZOYLMETHANE,1
NYMPHAEA ALBA ROOT EXTRACT,1
CI 77947 (ZINC OXIDE),1
PPG-15 STEARYL ETHER,1
BETULA ALBA LEAF WATER,1
TRISILOXANE,1
LACTOBACILLUS/DAUCUS CAROTA SATIVA ROOT FERMENT FILTRATE,1
SODIUM HYALURONATE FRUCTOSE,1
PROTEINE,1
LYSINE HYDROCHLORIDE,1
SACCHAROMYCES/GRAPE FERMENT EXTRACT,1
HYDROLYZED,1
ALPHA–ISOMETHYL LONONE,1
C12–15 ALKYL BENZOATE,1
PARFUM Q10 PRZECIWZMARSZCZKOWY + UJĘDRNIENIE KREM REGENERUJĄCY NA NOC Z CZYSTYM KOENZYMEM Q10 I KREATYNĄ: WATER,1
Q10 PRZECIWZMARSZCZKOWY + UJĘDRNIENIE KREM ODŻYWCZY NA DZIEŃ SPF 15 Z CZYSTYM KOENZYMEM Q10 I KREATYNĄ: WATER,1
TALC,1
VACCINIUM MACROCARPON (CRANBERRY) FRUIT EXTRACT,1
PUNICA GRANATUM (POMEGRANATE) EXTRACT,1
FRAGARIA VESCA (STRAWBERRY) FRUIT EXTRACT,1
CI 47005,1
HYDROGENATED FARNESENE,1
POLYGLYCERYLDIISOSTEARATE/POLYHYDROXYSTEARATE/SEBACATE,1
VIGNA RADIATA SEED EXTRACT,1
MORINDA CITRIFOLIA EXTRACT,1
BAMBUSA VULGARIS EXTRACT,1
CANNABIDIOL,1
CITRUS PARADISI (GRAPEFRUIT) FRUIT EXTRACT,1
SACCHARO-MYCES/LACTOBACILLUS/ACETOBACTER/GREEN TEA FERMENT,1
SOLANUM TUBEROSUM STARCH,1
CETEARYL WHEAT STRAW GLYCOSIDES,1
GLYCERYL STEREATE,1
COCO-CAPRY-LATE/CAPRATE,1
2- HEXANEDIOL,1
PERSA GRATISSIMA OIL,1
HYDROGENATED COCO- GLYCERIDES,1
PHELLINUS LINTEUS EXTRACT,1
GLYCERYL STEARATE CITRATE DIMETHICONE,1
2–HEXANEDIOL,1
BENZOATE,1
C12–15 ALKYL,1
LYCIUM CHINENSE FRUIT EXTRACT,1
RAPHANUS SATIVUS (RADISH) SEED EXTRACT,1
COPTIS JAPONICA ROOT EXTRACT,1
THEOBROMA CACAO BUTTER,1
SYMPHYTUM OFFICINALE LEAF EXTRACT,1
WITHANIA SOMNIFERA FLOWER EXTRACT,1
PARFUM KREM ANTI-AGING NA NOC: WATER,1
PAEONIA OCINALIS FLOWER EXTRACT,1
CISTUS INCANUS LEAF EXTRACT,1
BALANITES ROXBURGHII SEED OIL,1
CI 77491 SUROWCE POCHODZENIA NATURALNEGO,1
SODIUM POTASSIUM ALUMINUM SILICATE,1
NYMPHAEA COERULEA FLOWER EXTRACT,1
ANTHEMIS NOBILIS FLOWER WATER,1
SOLANUM LYCOPERSICUM SEED OIL,1
VACCINIUM MYRTILLUS FRUIT EXTRACT,1
POLYGLYCERYL-4 OLIVATE/POLYRICINOLEATE,1
ACER SACCHARUM EXTRACT,1
CITRIC ADD,1
CANANGA ODORATA FLOWER OIL,1
SACCHARUM OFFICINARUM EXTRACT,1
PRUNUS ARMENIACA KEMEL OIL,1
DAUCUS CAROTA SEED OIL,1
UNDECYLENOYL PHENYLALANINE,1
KOJIC ADA,1
MORUS ALBA LEAF EXTRACT,1
TARTARIC ACID,1
CL- 19140,1
MALIC ACID,1
PEPTYDY REDUKUJĄ GŁĘBOKOŚĆ ZMARSZCZEK,1
BACOPA MONNERA EXTRACT,1
CUCUMIS SATIVUS EXTRACT,1
RUBIA CORDIFOLIA ROOT EXTRACT,1
TITANIUM DIOXIDE (NANO),1
3-GLYCERYL ASCORBATE,1
KOLAGEN ROŚLINNY POPRAWIA NAWILŻENIE SKÓRY,1
GŁÓWNE SKŁADNIKI,1
DARUTOSIDE,1
PEPTYDY ZWIĘKSZAJĄ PRODUKCJĘ KOLAGENU,1
GŁÓWNE SKŁADNIKI KOLAGEN ROŚLINNY POPRAWIA NAWILŻENIE SKÓRY,1
SODIUM HYDROXIDE KREM ANTI-AGING NA DZIEŃ: WATER,1
BETASITOSTEROL,1
MALTITOL,1
STEARYL CAPRYLATE,1
STEARYL HEPTANOATE,1
PARFUM ESENCJA TONIZUJĄCA ANTI-AGING: PELARGONIUM GRAVEOLENS FLOWER/LEAF/STEM WATER,1
HYDNOCARPUS LAURIFOLIA OIL,1
CETHYL ALCOHOL,1
CARICA PAPAYA FRUIT EXTRACT,1
COCONUT ACID,1
PANTHENOL (10%),1
SODIUM LACTATE HYDROXYPROPYL CYCLODEXTRIN,1
ETHYLHEXYLGLYCERIN TOCOPHEROL,1
TETRAPEPTIDE-7,1
PARFUM PŁYN MICELARNY: WATER,1
CL 15985,1
OCTADECYL DI-T-BUTYL-4-HY-DROXYHYDROCINNAMATE,1
TRIFOLIUM PRATENSE FLOWER EXTRACT,1
TRIFOLIUM PRATENSE (CLOVER) FLOWER EXTRACT,1
CL 42090,1
PEG-40 HYDROGENATED CASTOR OLI,1
CICHORIUM INTYBUS ROOT OLIGOSACCHARIDESPALMITOYL TRIPEPTIDE-1,1
C12-15 ALKYL LACTATE,1
OCTADECYL DI-T-BUTYL-4-HYDROXYHYDROCINNAMATE PENTYLENE GLYCOL,1
CI 42051,1
CUCURBITA PEPO SEED EXTRACT,1
SOLANUM LYCOPERSICUM FRUIT/LEAF/STEM EXTRACT,1
POLYGLYCERYL-4 COCOATE,1
LIMONENE SKŁADNIKI POSIADAJĄCE CERTYFIKAT NATURALNOŚCI,1
PARFUM SKŁADNIKI POSIADAJĄCE CERTYFIKAT NATURALNOŚCI,1
PHYSALIS ANGULATA EXTRACT,1
C12-C16 ALCOHOLS,1
CENTELLA ASIATICA EXTRACT (17 061 PPM),1
2 HEXANEDIOL,1
TERPINEOL,1
C13-14 ISOALKANE,1
KREM POD OCZY ANTI-AGING: WATER,1
EDTA,1
CYMBOPOGON SCHOENANTHUS,1
HYDROLIZED GLYCOSAMINOGLYCAN,1
CANDIDA/GARCINIA CAMBOGIA FERMENT,1
(CARNAUBA) WAX,1
CERA CARNAUBA (COPERNICIA CERIFERA,1
LACTOBACILLUS/NEREOCYSTIS LEUTKEANA FERMENT FILTRATE,1
STEVIA REBAUDIANA EXTRACT,1
PARFUM</P><P>SKŁADNIKI POSIADAJĄCE CERTYFIKAT NATURALNOŚCI,1
DEHYDROA-CETIC ACID,1
CALCIUM GLUCO-NATE,1
BIOSAC-CHARIDE GUM-1,1
PORIA COCOS POLYSACCHARIDE,1
RUBUS FRUTICOSUS FRUIT EXTRACT,1
SE-SAMUM INDICUM SEED OIL,1
COUMARIN SKŁADNIKI POSIADAJĄCE CERTYFIKAT NATURALNOŚCI,1
SODIUM RICINOLEATE,1
ZEA MAYS GERM OIL,1
DIPTERYX ODORATA SEED OIL,1
LEPTOSPERMUM SCOPARIUM BRANCH/LEAF OIL,1
RUBUS IDAEUS FRUIT EXTRACT,1
ARTEMISIA VULGARIS EXTRACT(10,1
COPERNICIA CERIFERA (CARNAUBA) WAX,1
FRAGARIA ANANASSA FRUIT EXTRACT,1
METHYL TRIMETHICONE,1
CAPRYLIC/CAPRIC TRYGLICERIDE,1
SODIUM COCOAMPHOACETATE,1
CI 19140(YELLOW 5),1
CI 17200(RED 33),1
CI 15985(YELLOW 6),1
CYAMOPSIS TETRAGONOLOBA (GUAR) GUM,1
POLYGLYCERIN-6,1
PLUMERIA ALBA FLOWER EXTRACT,1
POLYGLYCERYL-6 LAURATE,1
OLEA EUROPAEA (OLIVE) CALLUS CULTURE LYSATE,1
CIRE DE CARNAUBA),1
HYDRO LYZED MALT EXTRACT,1
CETE-ARYL ALCOHOL,1
SEDURN SARMENTOSUM EXTRACT,1
BLOSACCHARIDE GUM-I,1
SODIUM POLYACRYLOYLDIMETHYL TAURATE,1
ZINGIBER OFFICINALE ROOT EXTRACT,1
ORYZA SATIVA BRAN WAX,1
DISODIUM EDTA 1025 DOKDO LOTION: WATER,1
PROTEASE,1
1025 DOKDO TONER: WATER,1
GLYCINE SOYA OIL,1
GLYCINE MAX (SOYBEAN) SEED EXTRACT(10,1
DIISOSTEARYL MALATE,1
BETA VULGARIS ROOT EXTRACT,1
BETULA PLATYPHYLLA JAPONICA JUICE(10,1
POLYDECENE,1
HYDROLYZED CORN STARCH,1
HYDROXYSTEARIC ACID,1
ACRYLATES/CIO-30 ALKYL ACRYLATE CROSSPOLYMER,1
SODIUM SURFACTIN,1
LACTOBACILLUS/CENTELLA ASIATICA EXTRACT FERMENT FILTRATE,1
TRIMETHYLBENZENEPROPANOL,1
MINERAL SALTS,1
KAOLIN (CI 77004),1
CHENOPODIUM QUINOA SEED EXTRACT,1
CHAMAECYPARIS OBTUSA WATER,1
LAVAN DULA ANGUSTIFOLIA (LAVENDER) FLOWER EXTRACT,1
HAMAMELIS VIRGINIANA (WITCH HAZEL) LEAF WATER,1
CASTANEA CRENATA (CH ESTNUT) SHELL EXTRACT,1
SODIUM HYALURO NATE,1
TRIDECETH-10,1
HYDROLYZED VIOLA TRICOLOR EXTRACT,1
AMMONIUM POLYACRYLOYLDIMETHYLTAURATE,1
TRIETHOXYCA PRILYLSILANE,1
HYDROLYZED TRICOLOR VIOLET EXTRAC,1
HYDROLYZED MALT EXTRACT,1
HYDROLYZED GARDENIA EXTRACT,1
TEA TREE LEAF OIL (500PPM),1
GLYCERETH-26,1
ROYAL PINE LEAF EXTRACT,1
CYCLOPENTASILOL CEIN,1
PANTHENOL (5%),1
4%),1
TEA TREE LEAF WATER (9,1
CYPRESS WATER,1
POLYGLYCERYL-10 MYRISTATE,1
ROSE KETONES,1
MACADAMIA TEMIFOLIA SEED OIL,1
DICAPR YLYL CARBONATE,1
SODIUM SULFITE,1
ELAEIS GUINEENSIS (PALM) KERNEL OIL,1
4-TERPINEOL,1
ROSA RUGOSA FLOWER EXTRACT,1
HYALU-RONIC ACID,1
MICROCITRUS AUSTRALASICA FRUIT EXTRACT,1
COFFEA ARABICA SEED OIL,1
CERAMIDES NP,1
PYRUS COMMUNIS (PEAR) FRUIT EXTRACT,1
-ALPHA-BISABOLOL,1
SODIUM ACRYLOYLDIMETHYL TAURATE COPOLYMER,1
ISOTRIDECYL ISONONANOATE,1
CENTELLA ASIATICA EXTRACT(60%),1
CENTELLA ASIATICA LEAF EXTRACT (2PPM),1
CENTELLA ASIATICA EXTRACT (10PPM),1
HYDROXYETHYL ACRYLATE/SODIUM ACRYLOYLDIMETHYLTAURATE COPOLYMER,1
COCOGLYCE - RIDES,1
PRUNUS PERSICA (PEACH ) KERNEL OIL,1
PENTAERITHRITYL TETRA-DI-T-BUTYL HYDROXYHYDROCINNAMATE,1
2-HEXONADIOL,1
HYDROXYETHYL ACRYLATE,1
XANTHAM GUM,1
GLYCOL PALMITATE,1
CETEARETH-12,1
ACRYLATES C10-30 ALKYL ACRYLATE CROSSPOLYMER-POLYMETHYLMETHACRYLATE,1
GERANIOL -Z NATURALNYCH OLEJKÓW ETERYCZNYCH SKŁADNIKI Z CERTYFIKOWANYCH UPRAW EKOLOGICZNYCH POCHODZĄCE Z NATURALNYCH OLEJKÓW ETERYCZNYCH,1
INGREDIENTS - POCHODZENIE WATER - WODA GLYCINE SOJA OIL - SOJA ALCOHOL - POCHODZENIA ROŚLINNEGO GLYCERIN - POCHODZENIA ROŚLINNEGO OLEA EUROPAEA FRUIT OIL -OLIWKI HELIANTHUS ANNUUS SEED OIL -SŁONECZNIK CETEARYL ALCOHOL - POCHODZENIA ROŚLINNEGO MAGNESIUM ALUMINUM SILICATE -POCHODZENIA MINERALNEGO PERSEA GRATISSIMA OIL -AWOKADO PRUNUS AMYGDALUS DULCIS OIL -MIGDAŁY LYSOLECITHIN -SOJA LAVANDULA ANGUSTIFOLIA FLOWER EXTRACT -LAWENDA ALOE BARBADENSIS LEAF JUICE POWDER -ALOES TOCOPHEROL -POCHODZENIA ROŚLINNEGO HELIANTHUS ANNUUS SEED CERA -SŁONECZNIK HELIANTHUS ANNUUS SEED OIL PHYTOSTEROLS - SOJA XANTAN GUM - POCHODZENIA NATURALNEGO OLEA EUROPAEA OIL UNSAPONIFIABLES -OLIWKI CITRIC ACID -POCHODZENIA ROSLINNEGO PARFUM -NATURALNY OLEJEK ETERYCZNY POCHODZENIA ROŚLINNEGO LINALOOL,1
SKŁADNIKI NATURALNYCH OLEJKÓW ETERYCZNYCH,1
Z ROLNICTWA EKOLOGICZNEGO,1
HYDROGENATED LECITHIN LEVULINIC ACID,1
HELIANTHUS ANUUS HYBRID OIL,1
PHOSPHATE,1
MICROCRYSTALLINE WAX,1
ORYZA SATIVA (RICE) BRAN WAX,1
1%),1
OLIGOPEP - TIDE-68,1
BUTY - LENE GLYCOL,1
POLYACRY - LATE CROSSPOLYMER-6,1
POTASSIUM AZELOYL DIGLYCINATE SODIUM STEAROYL GLUTAMATE,1
HYDROGENATED ETHYL - HEXYL OLIVATE,1
HYDRO - GENATED LECITHIN,1
OLEA EUROPAEA (OLIVE ) HUSK OIL,1
GLY - CERIN,1
ETHYLHEXYLGLYCERIN PARFUM (FRAGRANCE ),1
SORBITAN SOSTEARATE,1
SQUALENE SALICYLIC ACID,1
RETINOL(0,1
MACADA-MIA INTEGRIFOLIA SEED OIL,1
ALOE BARBADENSIS LEAF EXTRACT\ GLYCERYL STEARATE,1
TOCOPHEROR,1
GLYCI-NE SOJA OIL,1
COCO-CAPRYLATE/ /CAPRATE,1
POCHODZĄCE Z NATURALNYCH OLEJKÓW ETERYCZNYCH,1
CRYPTOMERIA JAPONICA BUD EXTRACT,1
SORBITAN STEARA-TE,1
SKŁADNIKI Z CERTYFIKOWANYCH UPRAW EKOLOGICZNYCH,1
SUCCINOGLYCAN,1
AROMA (FLAVOR ),1
ETHYL - HEXYLGLYCERIN,1
GLYCINE SOJA (SOYBEAN ) OIL SODIUM OLEATE,1
PAPAVER RHOEAS FLOWER EXTRACT,1
MELIA AZADIRACHTA BARK EXTRACT,1
Z KONTROLOWANYCH UPRAW EKOLOGICZNYCH,1
KERNEL OIL,1
PRUNUS ARMENIACA,1
FRAGRANCE(PARFUM),1
DIPHENYLSILOXY PHENYL TRIMETHICONE,1
DIPHENYL DIMETHICONE,1
DIPALMITOYL HYDROXYPROLINE,1
CITRUS PARADISI (GRAPEFRUIT) PEEL OIL,1
PLEIOGYNIUM TIMORIENSE FRUIT EXTRACT,1
PODOCARPUS ELATUS FRUIT EXTRACT,1
TERMINALIA FERDINANDIANA (KAKADU PLUM) FRUIT EXTRACT,1
BLACK CURRANT VINEGAR,1
RUBUS IDAEUS VINEGAR,1
CIDER VINEGAR,1
KHAYA SENEGALENSIS BARK EXTRACT,1
ARNICA MONTANA EXTRACT,1
HYDROLYZED CAESALPI-NIA SPINOSA GUM,1
COCOCAPRYLATE,1
SODIUM META- BISUL?TE,1
PHENYLPRO- PANOL,1
TOCO- PHEROL,1
TO- COPHERYL ACETATE,1
STE- ARETH-20,1
GLY- CERYL STEARATE CITRATE,1
SACCHARIDE ISO- MERATE,1
DIE- THYLAMINO HYDROXYBENZOYL HEXYL BENZOATE,1
ALOE ARBORESCENS LEAF EXTRACT,1
TOCOTRIENOLS,1
CETYLALCOHOL,1
CI77019,1
CITRATE,1
N-PROLYL PAMITOYL TRIPEPTIDE-56 ACETATE,1
JASMINUM OCINALE FLOWER EXTRACT,1
JASMINUM OCINALE FLOWER EXTRACT,1
CETEARETH -20,1
JASMINUM OCINALE FLOWER EXTRACT,1
CI 77019,1
DIPENTAERYTHRITYL HEXACAPRYLATE/ HEXACAPRATE,1
SILVER CARBOXYMETHYLALANINATE,1
BACKHOUSIA CITRIODORA LEAF EXTRACT,1
OLIVE OIL POLYGLYCERYL-4 ESTERS,1
COMMIPHORA MYRRHA RESIN EXTRACT,1
CINNAMOMUM ZEYLANICUM BARK EXTRACT,1
POLYQUATERNIUM-37,1
POTASSIUM CETYL,1
ORNITHINE HCI,1
ARGININE HCI,1
LYSINE HCI,1
SODIUM METABISUL?TE,1
PAPAVER RHOEAS FLOWER EXTRACTHELIANTHUS ANNUUS SEED OIL,1
CITRIC ACID (KWAS CYTRYNOWY),1
PRUNUS CERASUS FLOWER EXTRACT,1
RUBUS IDAEUS FRUIT EXTRACT (FERMENTOWANY EKSTRAKT Z MALINY),1
ROSA CANINA FLOWER EXTRACT (EKSTRAKT Z DZIKIEJ RÓŻY),1
XANTHAN GUM (GUMA KSANTANOWA-ZAGĘSTNIK POCHODZENIA NATURALNEGO),1
BETAINE (ROŚLINNA BETAINA Z BURAKA),1
LEONTOPODIUM ALPINUM FLOWER/LEAF EXTRACT,1
MAGNESIUM ALUMINUM SILICATE (KRZEMIAN GLINOWO-MAGNEZOWY-ZAGĘSTNIK POCHODZENIA NATURALNEGO),1
CETEARYL ALCOHOL (SUBSTANCJA KONSY STENCJOTWÓRCZA POCHODZENIA ROŚLINNEGO),1
GLYCERYL STEARATE CITRATE (EMULGATOR POCHODZENIA ROŚLINNEGO),1
CI77891,1
BETA- SITOSTEROL,1
MEGNESIUM CHLORIDE,1
LAMINARIA OCHROLEUCA EX5TRACT,1
PALMITOYL GLYCINE,1
PARFUM PROPYLENE GLYCOL,1
GANODERMA LUCIDUM EXTRACT,1
SKŁADNIKI POCHODZENIA NATURALNEGO - 95% POZOSTAŁE SKŁADNIKI ODPOWIADAJĄCE ZA TRWAŁOŚĆ RECEPTURY I PRZYJEMNOŚĆ UŻYWANIA - 5%,1
CL 77891 (BARWNIK POCHODZENIA MINERALNEGO),1
OLUS OIL (OLEJ ROŚLINNY - MIESZANINA NATURALNYCH TRÓJGLICERYDÓW),1
BUTYROSPERMUM PARKII BUTTER (MASŁO SHEA),1
VACCINIUM MYRTILLUS FRUIT EXTRACT (EKSTRAKT Z BORÓWKI),1
MALPIGHIA GLABRA FRUIT EXTRACT (EKSTRAKT Z ACEROLI),1
MACADAMIA TERNIFOLIA SEED OIL (OLEJ MAKADAMIA),1
CETEARTH-20 (EMULGATOR POCHODZENIA ROŚLINNEGO),1
CETEARYL ALCOHOL (SUBSTANCJA KONSYSTENCJO-TWÓRCZA POCHODZENIA ROŚLINNEGO),1
TAPIOCA STARCH (SKROBIA Z TAPIOKI),1
SKŁADNIKI POCHODZENIA NATURALNEGO – 97% POZOSTAŁE SKŁADNIKI ODPOWIADAJĄCE ZA TRWAŁOŚĆ RECEPTURY I PRZYJEMNOŚĆ UŻYWANIA – 3%,1
CI 77891 (BARWNIK POCHODZENIA MINERALNEGO),1
PALMITOYL TRIPEPTIDE-5 TETRADECYL AMINOBUTYROYLVALYLAMINOBUTYRIC UREA TRIFLUOROACETATE,1
SODIUM PHYTATE (NATURALNY CZYNNIK CHELATUJĄCY),1
HAMAMELIS VIRGINIANA LEAF WATER,1
CITRUS AURANTIUM FLOWER OIL,1
RHUS VERNICIFLUA PEEL CERA / RHUS VERNICIFLUA PEEL WAX,1
SHOREA ROBUSTA RESIN,1
TREMELLA FUCIFORMIS POLYSACCHARIDE,1
GRIFOLA FRONDOSA FRUITING BODY EXTRACT,1
LENTINUS EDODES MYCELIUM EXTRACT,1
GANODERMA LUCIDUM (MUSHROOM) STEM EXTRACT,1
MARIS WATER / SEA WATER,1
CORDYCEPS SINENSIS EXTRACT,1
7- DEHYDROCHOLESTEROL,1
GANODERMA LUCIDUM (MUSHROOM) EXTRACT,1
HELIANTHUS ANNUUS SEED CERA / HELIANTHUS ANNUUS (SUNFLOWER) SEED WAX,1
CYSTOSEIRA TAMARISCIFOLIA EXTRACT,1
GLYCERIDES,1
HYDROGENATED VEGETABLE,1
BETA SITOSTEROL,1
CANNABIS SATIVA LEAF EXTRACT,1
PINUS CEMBRA WOOD EXTRACT,1
MEADOWFOAM ESTOLIDE,1
IPROPANEDIOL,1
RHUS VERNICIFLUA PEEL CERA,1
ROSA MULTIFLORA FRUIT EXTRACT,1
CALCIUM SILICATE,1
COPERNICIA CERIFERA CERA (COPERNICIA CERIFERA (CARNAUBA) WAX),1
CROTON LECHLERI RESIN EXTRACT,1
P-ANSIC ACID,1
SHIKIMIC ACID,1
NYMPHAEA CAERULEA FLOWER EXTRACT,1
CAPRYLYL TRIMETHICONE,1
CITRUS INCANUS FLOWER/ LEAF/ STEM EXTRACT,1
LACTOBACILLUS/RICE FERMENT,1
PSEUDOZYMA EPICOLA/ APRICOT KERNEL OIL/ OLIVE FRUIT OIL/ SUNFLOWER SEED OIL/ SWEET ALMOND OIL/ ANGELICA GIGAS ROOT EXTRACT FERMENT EXTRACT FILTRATE,1
WATER/ WATER,1
MARIS SALT,1
P-ANISIC-ACID,1
JANIA RUBENS EXTRACT,1
BAMBUSA ARUNDINACEA STEM EXTRACT,1
INGREDIENTS FROM CERTIFIED ORGANIC AGRICULTURE,1
BUTYLPHENYL METHYLPROPIONAL,1
TOCOPHEROL TETRASODIUM GLUTAMATE DIACETATE,1
GLUCURONIC ACID,1
BETA_SITOSTEROL,1
RHAMNOSE,1
VIOLA TRICOLOR EXTRACT,1
COCO_CAPRYLATE,1
INCI: WATER,1
STEARAMIDE AMP,1
SALIX ALBA BARK EXTRACT,1
TARAXACUM OFFICINALE LEAF EXTRACT,1
CITRUS LIMONUM PEEL OIL,1
ALANTOIN,1
SODIUM ALGINATE,1
CIRSIUM ERIOPHORUM EXTRACT,1
GLYCOL STEARATE,1
HUMULUS LUPULUS CONE EXTRACT,1
ROBINIA PSEUDOACACIA FLOWER EXTRACT,1
ECHINACEA PALLIDA EXTRACT,1
MYOSOTIS SYLVATICA FLOWER/LEAF/STEM EXTRACT,1
GERANIOL),1
ETHYLHEXYL- GLYCERIN,1
PROPYL GALLATE,1
GALLYL GLUCOSIDE,1
EPIGALLOCATECHIN GALLATYL GLUCOSIDE,1
SUCROSE COCATE,1
CL 77288,1
VACCINIUM VITIS-IDAEA FRUIT EXTRACT,1
COCOCAPRYIATE,1
COCO CAPRYLATE,1
FRAGARIA ANANASSA (STRAWBERRY) SEED OIL,1
6-TRIMETHYL-2-CYCLOHEXEN-1-YL)-3-BUTEN-2-ONE,1
6,1
3-METHYL-4-(2,1
HEXYL CINNAM-ALDEHYDE,1
PARFUM (2-(4-TERT-BUTYLBENZYL) PROPIONALDEHYDE,1
BETA-SITOSTE - ROL,1
URTICA DIOICA LEAF EXTRACT,1
SOUALANE,1
OLEA EUROPAEA FRUIT OLI,1
MENTHA PIPERITA OIL,1
ASTRAGALUS MEMBRANACEUS ROOT EXTRACT,1
ATRACTYLODES MACROCEPHALA ROOT EXTRACT,1
BUPLEURUM FALCATUM ROOT EXTRACT,1
SACCHAROMYCES/PANAX GINSENG FLOWER FERMENT EXTRACT,1
BUTYROSPERMUM PARKII BUTTER UNSAPONIFIABLES,1
SOYBEAN GLYCERIDES,1
ASTROCARYUM MURUMURU SEED BUTTER,1
COCO-CAPRYLATE /- CAPRATE,1
DECYL ISOSTEARATE,1
VITIS VINIFERA (GRAPESEED ) OIL,1
PICEA MARIANA BARK EXTRACT,1
SODIUM ASTROCARYUM MURUMURUATE,1
PAPAVER SOMNIFERUM SEED OIL,1
CALCIUM PANTHOTHENATE,1
PROPOLIS CERA,1
POTASSIUM AZELAOYL DIGLYCINATE,1
GLYCERYL OLEATE CITRATE,1
CAPRYLIC/CAPRIC/MYRISTIC/STEARICTRIGLYCERIDE,1
CAPRYLIC/CAPRICTRIGLY-CERIDE,1
VITIS VINIFERA (GRAPĘ) SEED OIL,1
CAPRYLIC/CAPRIC/-MYRISTIC/STEARIC TRIGLYCERIDE,1
CICHORIUM INTYBUS (CHICORY) ROOT OLIGOSACCHARIDES,1
4-HYDROXYACETOPHENONE,1
TROPAEOLUM MAJUS FLOWER/LEAF/STEM EXTRACT,1
VERONICA OFFICINALIS FLOWER/LEAF/STEM EXTRACT,1
SERICIN,1
PORPHYRA UMBILICALIS EXTRACT,1
CURCUMIN,1
SEPIOLITE,1
CYDONIA OBLONGA LEAF EXTRACT,1
SILYBUM MARIANUM FRUIT EXTRACT,1
PSEUDOZYMA EPICOLA/SAOWER SEED OIL FERMENT EXTRACT FILTRATE,1
SODIUM SILICATE,1
HYDROXYISOHEXYL 3-CYCLOHEXENE CARBOXALDEHYDE,1
POLYGLYCERYL-3 DIMER DILINOELEATE,1
DIISOSTEAROYL,1
ISOHEXADECENE,1
TRISODIUM CITRATE,1
SHPINGOLIPIDS,1
CENTELLA ASIATICA CALLUS CONDITIONED MEDIA,1
CAMELIA JAPONICA SEED OIL,1
CETARYL GLUCOSIDE,1
Z KONTROLOWANYCH UPRAW EKOLOGICZNYCH  Z NATURALNYCH OLEJKÓW ETERYCZNYCH EKOLOGICZNYCH,1
MONASCUS/RICE FERMENT,1
COCOS NUCIFERA (COCONUT) FRUIT EXTRACT,1
POTASSIUM CETYL PHOSPHATE VITIS VINIFERA SEED OIL,1
BACILLUS/SOYBEAN FERMENT EXTRACT,1
LACTOBACILLUS/PUMPKIN FERMENT EXTRACT,1
CERA MICROCRISTALLINA (MICROCRISTALLINE WAX),1
BAMBUSA VULGARIS SHOOT EXTRACT,1
PEG-100 STEARATE METHYLENE BIS-BENZOTRAZOLYL TETRAMETHYLBUTYLPHENOL (NANO),1
COMARIN,1
ALPA-ISOMETHYL IONONE,1
PARFUM (FRAGNANCE),1
TRITICUM VULGARE BRAN EXTRACT,1
LACTOBACILLUS/MILK SOLIDS/GLYCINE SOJA (SOYBEAN) OIL FERMENT,1
HYDROGNATED COCO-GLYCERIDES,1
VEGETABLE COLLAGEN (COLLAGEN AMINO ACIDS),1
CI 77491 (IRON OXIDES),1
PYRUS CYDONIA PEEL/FRUIT CERA,1
PRUNUS SPINOSA FLOWER EXTRACT,1
COCOS NUCIFERA FRUIT OIL,1
PRUNUS SPINOSA FRUIT EXTRACT,1
METHYLSILANOL HYDROXYPROLINE ASPARTATE,1
ROSA DAMASCENA FLOWER EXTRACT,1
ALTHAEA OFFICINALIS ROOT EXTRACT,1
HAMAMELIS VIRGINIANA (WITCH HAZEL) BARK/LEAF EXTRACT,1
PYRUS CYDONIA PEEL/FRUIT WAX,1
ETHYL LINOLENATE,1
ETHYL LINOLEATE,1
CHAMOMILLA RECUTITA (MATRICARIA) FLOWER OIL,1
ALTHAEA OFFICINALIS LEAF EXTRACT,1
Z KONTROLOWANYCH UPRAW EKOLOGICZNYCH  Z NATURALNYCH OLEJKÓW ETERYCZYCH,1
GERIANIOL,1
CERA MICROCRISTALLINA (MICROCRYSTALLINE WAX),1
CERAMIDE 1,1
CERAMIDE 6 II,1
PUNICA GRANATUM STEROLS,1
POLYGLYCERYL-3 RICINOLEATE,1
ACID SODIUM HYDROXIDE,1
PALMTIC ACID,1
LECITIHIN,1
AVENA SATIVA (OAT) KERNEL EXTRACT,1
P-ANISIC,1
TRISTEARYL CITRATE,1
Z283411/1),1
CETRIMONIUM CHLORIDE,1
ISOPROPYL ALCOHOL,1
AMODIMETHICONE,1
BEHENTRIMONIUM CHLORIDE,1
1239837 C - INGREDIENTS: WATER / WATER,1
POLLEN EXTRACT,1
MEL,1
LEVULINATE,1
TITANIUM DIOXIDE (CI 77891),1
PHALAENOPSIS AMABILIS EXTRACT,1
PIRIDOXINE HCL,1
HUMULUS LUPULUS (HOPS) EXTRACT,1
CANNABIS SATIVA FLOWER/LEAF/STEM EXTRACT,1
POLYAMINOPROPYL BIGUANIDE,1
POLYGLYCERYL-5 OLEATE,1
CI 77499),1
BOSWELLIA SERRATA GUM,1
CAESALPINIA SPINOSA OLIGOSACHCARIDES,1
Z KONTROLOWANYCH UPRAW EKOLOGICZNYCH  Z NATURALNYCH OLEJKÓW ETERYCZNYCH,1
LINALOL,1
ADANSONIA DIGITATA OIL,1
POLYSORBATE20,1
CEDRUS DEODARA WOOD EXTRACT,1
SODIUM ACRYLATE/ SODIUM ACRYLOYLDIMETHYL TAURATE COPOLYMER,1
ETHYKHEXYLGLYCERIN,1
AVENA SATVIA (OAT) KARNEL EXTRACT,1
MENTHA PIPERITA EXTRACT/PEPPERMINT LEAF EXTRACT,1
AMMONIUM POLYACRYLDIMETHYL TAURAMIDE/AMMONIUM POLYACRYLOYLDIMETHYL TAURATE,1
B52090/1),1
LONALOOL,1
ACRYLATES/C10-30 AKRYL ACRYLATE CROSSPOLYMER,1
AMMONIUM POLYACRYLDIMETHYL TAURAMIDE,1
CAMELLIA SINENSIS EXTRACT/CAMELLIA SINENSIS LEAF EXTRACT,1
PANAX GINSENG EXTRACT/PANAX GINSENG ROOT EXTRACT,1
PEG-40 SEARATE,1
ALUMINIUM STARCH OCTENYLSUCCINATE,1
0% ALKOHOLU ETYLOWEGO 0% KOMPOZYCJI ZAPACHOWYCH ZAWARTOŚĆ PANTENOLU I WITAMINY E,1
TOCOPHEROL XANTHAN GUM,1
TOCOPHEROL ACETATE,1
SOJA OIL,1
C12-15,1
PAULLINIA CUPANA SEED EXTRACT,1
ORYZA SATIVA (RICE) POWDER,1
ISOBUTYLPARABEN,1
POLYSILICONE-8,1
BOSWELIA SERRATA EXTRACT,1
NYLON-12 AMMONIUM POLYACRYLOYLDIMETHYL TAURATE,1
MANGANESE GLUCONATE,1
MENTHA PIPERITA EXTRACT/ PEPPERMINT LEAF EXTRACT,1
Z70014848/1),1
Z287835/1),1
909294 20 - INGREDIENTS: WATER / WATER,1
Z293588/1),1
IRON OXIDES (CI 77491,1
B163387/2),1
CI 42090/BLUE 1,1
HDI/TRIMETHYLOL HEXYLLACTONE CROSSPOLYMER,1
DIETHYLAMINO HYDROXYBEN ZOYL HEXYL BENZOATE,1
PEG/PPG-18/18 DIMETHICONE,1
EAU)SODIUM LAURETH SULFATECOCAMIDOPROPYL BETAINESODIUM CHLORIDEPEG-7 GLYCERYL COCOATEHYDROLYZED KERATINHYDROLYZED PEARLDISODIUM COCOAMPHODIACETATESODIUM BENZOATEGUAR HYDROXYPROPYLTRIMONIUM CHLORIDEHYDROGENATED CASTOR OILGLYCERINSIMMONDSIA CHINENSIS (JOJOBA) SEED OILSODIUM HYDROXIDECITRIC ACIDDIMETHICONEPROPYLENE GLYCOLSORBIC ACIDPOTASSIUM SORBATESALICYLIC ACIDPHENOXYETHANOLPEG-40 HYDROGENATED CASTOR OILCOCAMIDE MEAPEG-120 METHYL GLUCOSE DIOLEATELAURETH-23LAURETH-4PARFUM (FRAGRANCE)MICALINALOOLLIMONENEBENZYL SALICYLATEBENZYL ALCOHOLCI 77891 (TITANIUM DIOXIDE),1
CARAMEL,1
HYDROXYCITRONELLA,1
D-PANTHENOL,1
CAPRYLIC/CAPRICTRIGLICERIDE,1
INDIGOFERA TINCTORIA LEAF EXTRACT,1
CI 75120,1
TRISODIUM NTA,1
TOCO_X0002_PHERYL ACETATE,1
ETHYHEXYLGLYCERIN,1
CHAMOMILLA RACUTITA FLOWER EXTRACT,1
HAMAMELIS VIRGINIONA BARK/LEAF EXTRACT,1
ACRYLATES/C10–30 ALKYL ACRYLATE CROSSPOLYMER,1
PERFUM,1
(B46238/1),1
